diagnosis_group,group_description,year,covid_phase,admissions,emergency,planned,mean_los,mean_wait,age_0_14,age_15_59,age_60_74,age_75_plus,emergency_rate,elderly_ratio,hospital_pressure_index
A00-A09,Intestinal infectious diseases,2018,pre_covid,159034.0,119827.0,3549.0,3.0846374151489737,28.461679950950337,41717.0,78630.0,39527.0,51245.0,0.7534678119144333,0.3222266936629903,0.7489112269498531
A15-A19,Tuberculosis,2018,pre_covid,2225.0,1335.0,278.0,17.743486073674752,17.330049261083744,163.0,3209.0,691.0,520.0,0.6,0.23370786516853934,2.4880753505557407
A20-A49,Certain bacterial diseases,2018,pre_covid,156114.0,148156.0,3524.0,10.314561400251282,96.67937743190662,12761.0,63189.0,90241.0,157857.0,0.9490244308646246,1.011164917944579,9.898061584833213
A50-A64,Infections with predominantly sexual mode of transmission,2018,pre_covid,2405.0,670.0,304.0,3.6975051975051976,61.76452830188679,0.0,0.0,0.0,0.0,0.2785862785862786,0.0,0.0
A65-A79,Other infectious and parasitic disorders,2018,pre_covid,662.0,351.0,148.0,3.6626506024096384,43.197080291970806,117.0,405.0,134.0,74.0,0.5302114803625377,0.11178247734138973,0.21707926804927835
A80-A89,Viral infections of the central nervous system,2018,pre_covid,3913.0,3639.0,111.0,6.773456383212481,20.64,1467.0,3828.0,678.0,546.0,0.9299769997444416,0.13953488372093023,0.8789523690920622
A90-A99,Arthropod-borne viral fevers & viral haemorrhagic fevers,2018,pre_covid,192.0,178.0,6.0,3.559090909090909,20.5,9.0,254.0,37.0,4.0,0.9270833333333334,0.020833333333333332,0.06874112215909091
B00-B09,Viral infections characterized by skin & mucous mem. lesns.,2018,pre_covid,17456.0,13558.0,414.0,3.424550535317487,47.48830006882312,9831.0,5115.0,2632.0,3618.0,0.7766956920256646,0.2072639780018332,0.5512877026879749
B15-B19,Viral hepatitis,2018,pre_covid,2394.0,1632.0,209.0,6.075034106412005,27.359420289855073,174.0,2439.0,564.0,259.0,0.681704260651629,0.10818713450292397,0.448043670923877
B25-B34,Other viral diseases,2018,pre_covid,118995.0,116893.0,906.0,0.897099712172729,13.124242424242425,99930.0,23126.0,4286.0,3198.0,0.9823353922433715,0.02687507878482289,0.02368373836588332
B35-B49,Mycoses,2018,pre_covid,8470.0,3312.0,1241.0,6.470159453302961,23.424631776872452,1274.0,3545.0,3353.0,2478.0,0.3910271546635183,0.29256198347107437,0.7401841707442065
B50-B64,Protozoal diseases,2018,pre_covid,2209.0,1869.0,73.0,6.097781429745275,21.73134328358209,209.0,2381.0,640.0,245.0,0.8460842009959257,0.11090991398822997,0.5722104796578936
B65-B83,Helminthiases,2018,pre_covid,887.0,338.0,77.0,2.88,34.975903614457835,264.0,608.0,70.0,26.0,0.3810597519729425,0.029312288613303268,0.03216883227478459
B85-B99,Other infectious and parasitic diseases,2018,pre_covid,3536.0,3346.0,93.0,5.032267884322679,30.9375,258.0,1340.0,1384.0,2875.0,0.9462669683257918,0.8130656108597285,3.871711825442914
C00-C14,Malignant neoplasm of lip-oral cavity and pharynx,2018,pre_covid,25557.0,2537.0,10123.0,6.965120334844785,19.840135750647494,121.0,12219.0,12414.0,3493.0,0.0992683022263959,0.13667488359353602,0.09449915627248738
C15-C26,Malignant neoplasm of digestive organs,2018,pre_covid,268681.0,29686.0,136785.0,9.078738150436354,17.16496563719155,625.0,80310.0,147621.0,89134.0,0.11048790201019053,0.33174656935175917,0.3327719088047704
C30-C39,Malignant neoplasms of respiratory & intrathoracic organs,2018,pre_covid,115023.0,15490.0,61607.0,8.150451327666518,15.333309401586675,289.0,24807.0,72217.0,40166.0,0.13466871843022699,0.34919972527233684,0.3832854020116776
C40-C41,Malignant neoplasm of bone and articular cartilage,2018,pre_covid,7261.0,626.0,4804.0,6.481652622995379,20.922337870296236,2334.0,4348.0,624.0,374.0,0.08621402010742323,0.05150805674149566,0.028783182655078884
C43-C44,Malignant neoplasms of skin,2018,pre_covid,154472.0,1145.0,9044.0,3.494187346300022,52.46707097221908,61.0,24825.0,50440.0,80130.0,0.007412346574136413,0.518734786886944,0.013435297173907039
C45-C49,Malignant neoplasms of mesothelial and soft tissue,2018,pre_covid,23035.0,2510.0,12998.0,7.151632970451011,18.562930599899175,1826.0,6279.0,10886.0,6892.0,0.10896461905795529,0.2991968743216844,0.23315663294758684
C50-C50,Malignant neoplasm of breast,2018,pre_covid,215644.0,4308.0,132654.0,2.5896952942248688,21.30775866278218,0.0,116355.0,77606.0,25396.0,0.019977370109996104,0.11776817347109124,0.006092771945714303
C64-C68,Malignant neoplasms of urinary tract,2018,pre_covid,90988.0,5467.0,36102.0,4.183138264290224,32.83067437726424,2442.0,13986.0,40692.0,41935.0,0.06008484635336528,0.46088495186178396,0.11584030779737395
C69-C72,"Malignant neoplasms of eye, brain & other parts of CNS",2018,pre_covid,21270.0,4779.0,9809.0,8.920037629350894,20.862598349644983,9013.0,9340.0,6046.0,2703.0,0.22468265162200282,0.12708039492242595,0.2546916945168792
"C73-C80, C97",Malignant neoplsm. of thyroid and oth. endo. Glands etc,2018,pre_covid,191919.0,29785.0,102040.0,6.833072194769193,27.68557275807351,3738.0,69335.0,94639.0,57375.0,0.15519568151147098,0.29895424632266737,0.3170300054337299
C81-C96,"Malignant neoplasms of lymphoid, haematopoietic & rel. tiss.",2018,pre_covid,387191.0,19669.0,285534.0,9.387025013112442,19.319317434023915,24714.0,106530.0,162180.0,112934.0,0.05079921795702896,0.2916751680695058,0.13908633339329507
D00-D48,In situ & benign neoplasms and others of uncertainty,2018,pre_covid,430698.0,15449.0,114586.0,3.4644221351616062,48.05541454683558,11567.0,178349.0,147074.0,105835.0,0.03586968130801629,0.24572902590678386,0.030536185272377038
D50-D64,Anaemias,2018,pre_covid,299823.0,65512.0,97389.0,3.110088333312685,21.69872461200546,17232.0,122809.0,85994.0,111596.0,0.2185022496606331,0.37220626836500204,0.2529369746573734
D65-D89,Diseases of the blood and blood-forming organs,2018,pre_covid,94222.0,16113.0,57497.0,4.070744902205576,48.650144533242646,12461.0,40429.0,29528.0,17989.0,0.17101101653541637,0.19092144085245485,0.13290847640279455
E00-E07,Disorders of thyroid gland,2018,pre_covid,16596.0,3623.0,2529.0,2.6042712498936442,76.74755612847781,1091.0,11299.0,3984.0,2271.0,0.2183056158110388,0.1368402024584237,0.07779735511259778
E10-E14,Diabetes Mellitus,2018,pre_covid,56931.0,49360.0,2053.0,5.595083902822999,43.126666666666665,5264.0,48695.0,20277.0,18994.0,0.8670144560959758,0.3336319404191038,1.6184547574743164
E15-E90,Endocrine nutritional and metabolic diseases,2018,pre_covid,236419.0,91624.0,91634.0,5.053286259698674,65.09416935929904,21143.0,118712.0,80525.0,81659.0,0.38754922404713665,0.34539948142915755,0.6764293665476901
F00-F03,Dementia,2018,pre_covid,10270.0,8958.0,602.0,30.258905618802793,31.90909090909091,0.0,232.0,2940.0,19472.0,0.8722492697176242,1.8960077896786758,50.041918186142226
F04-F09,Other organic including symptomatic mental disorders,2018,pre_covid,23314.0,20408.0,296.0,14.862967157417893,10.185414680648236,121.0,4241.0,6712.0,37633.0,0.875353864630694,1.6141803208372651,21.001060204415836
F10-F19,Mental and behavioural disorders due to psychoactive subst.,2018,pre_covid,50997.0,48447.0,1403.0,5.258320012931267,40.95107033639144,601.0,63134.0,11986.0,2345.0,0.9499970586505089,0.04598309704492421,0.2297034362753047
F20-F29,"Schizophrenia, schizotypal and delusional disorders",2018,pre_covid,24319.0,17906.0,3747.0,83.60815137087506,33.5,134.0,31444.0,4345.0,1841.0,0.7362967227270858,0.07570212590978248,4.660253745940015
F30-F39,Mood [affective] disorders,2018,pre_covid,23171.0,18419.0,2503.0,35.3622575408015,51.20422535211268,414.0,20812.0,6654.0,3992.0,0.7949160588666868,0.17228432091838936,4.842916808798718
F40-F69,"Neurotic, behavioural & personality disorders",2018,pre_covid,38250.0,28857.0,3905.0,19.75329797361621,85.32054499820724,1994.0,35703.0,4806.0,3586.0,0.7544313725490196,0.09375163398692811,1.3971344476220051
F70-F79,Mental retardation,2018,pre_covid,623.0,248.0,260.0,232.26108374384236,44.7037037037037,39.0,711.0,43.0,15.0,0.39807383627608345,0.024077046548956663,2.22609295241297
F80-F99,Other mental and behavioural disorders,2018,pre_covid,4935.0,2311.0,1037.0,39.72554517133956,47.080572963294536,2661.0,2577.0,239.0,167.0,0.46828774062816614,0.03383991894630192,0.6295235314115425
G00-G09,Inflammatory diseases of the central nervous system,2018,pre_covid,7120.0,4925.0,870.0,17.136058394160585,23.88479262672811,2223.0,6431.0,2806.0,1586.0,0.6917134831460674,0.22275280898876404,2.6403430935114733
"G10-G14, G30-G32",Other degenerative diseases (incl. Alzheimer).,2018,pre_covid,10930.0,6366.0,1879.0,31.635804521276597,58.15866388308977,938.0,2647.0,5269.0,12698.0,0.5824336688014639,1.1617566331198537,21.406246219884753
G20-G26,Extrapyramidal & movement disorders (incl. Parkinsonism).,2018,pre_covid,15816.0,6335.0,4724.0,12.547233526712269,84.22673942701228,1240.0,5348.0,8206.0,9937.0,0.4005437531613556,0.6282878098128477,3.157596103772927
G35-G37,Demyelinating diseases (incl Multiple Sclerosis) of the CNS.,2018,pre_covid,49768.0,3103.0,33499.0,11.689409529840114,54.260927560024626,300.0,48348.0,4067.0,578.0,0.06234930075550554,0.011613888442372608,0.008464509785980918
G40-G47,"Epilepsy, migraine & other episodic disorders",2018,pre_covid,134171.0,86178.0,13440.0,2.308563828082433,67.3141035092893,27006.0,88001.0,27974.0,28866.0,0.6422997518092584,0.21514336182930738,0.3190124198529578
"G50-G73,  G90-G99",Other diseases & disorders of the nervous syst.,2018,pre_covid,144857.0,23564.0,30281.0,8.103705714673545,77.23195922268238,5381.0,82397.0,46170.0,29593.0,0.16267077186466652,0.20429112849223718,0.26930393304589095
G80-G83,Cerebral palsy & other paralytic syndromes,2018,pre_covid,13889.0,4216.0,4110.0,14.40560593569662,93.74737312765481,4774.0,7084.0,2584.0,2068.0,0.30354957160342716,0.14889480884152928,0.6510895295304812
"H00-H06, H15-H22, H30-H36, H43-H59",Other disorders of the eye etc,2018,pre_covid,235692.0,28520.0,68089.0,1.6396085353823788,68.53353258958539,17725.0,68638.0,67975.0,86383.0,0.12100537990258473,0.3665079849973695,0.07271571702180404
H10-H13,Disorders of conjunctiva (including conjunctivitis),2018,pre_covid,5956.0,1749.0,174.0,1.0733137829912023,77.01680896478122,1258.0,2661.0,1218.0,987.0,0.2936534586971122,0.16571524513096036,0.05223051287479748
H25-H28,Disorders of lens (including cataracts),2018,pre_covid,456184.0,515.0,18638.0,1.2332181189739857,81.13406393972497,454.0,35914.0,166840.0,256979.0,0.0011289304315802396,0.5633231327709871,0.0007842683029166748
H40-H42,Glaucoma,2018,pre_covid,24607.0,991.0,1184.0,1.5387024608501119,58.694381169324224,279.0,5372.0,9558.0,9519.0,0.040273093022310726,0.3868411427642541,0.023971890826369014
H60-H95,Diseases of the ear and mastoid process,2018,pre_covid,84407.0,29714.0,2253.0,1.7964360135086586,95.38134552264353,33685.0,33691.0,13117.0,11036.0,0.3520324143732155,0.1307474498560546,0.08268517198316029
I00-I09,Rheumatic heart disease,2018,pre_covid,10374.0,1862.0,512.0,11.12756063843157,53.39611910337906,108.0,2433.0,4626.0,8035.0,0.1794871794871795,0.7745324850588009,1.5469384707048284
I10-I15,Hypertensive diseases,2018,pre_covid,23783.0,20578.0,824.0,1.8893117002592623,67.38810992708918,575.0,13289.0,7872.0,9786.0,0.8652398772232267,0.4114703780010932,0.6726338460851696
I20-I25,Ischaemic heart diseases,2018,pre_covid,261119.0,140838.0,5905.0,4.7809857342005175,50.672483818486135,63.0,97704.0,159341.0,142027.0,0.5393632788115763,0.543916758259644,1.402591694514333
I26-I28,Pulmonary heart disease & diseases of pulmonary circulation,2018,pre_covid,37907.0,29107.0,4488.0,5.432474751428795,58.955511022044085,461.0,20525.0,22195.0,23485.0,0.7678529031577281,0.6195425646978131,2.5843236168499146
I30-I52,Other forms of heart disease,2018,pre_covid,315197.0,198163.0,17318.0,6.155392018114917,67.19167336077919,3749.0,93408.0,152743.0,273467.0,0.628695704591097,0.867606607930913,3.3575235013923233
I60-I69,Cerebrovascular diseases,2018,pre_covid,111035.0,93175.0,2161.0,15.16448682068595,31.74958298582152,754.0,37228.0,59963.0,116172.0,0.8391498176250731,1.0462646913135498,13.31400733216679
I70-I79,"Diseases of arteries, arterioles & capillaries",2018,pre_covid,63831.0,21925.0,7950.0,8.37794459716642,47.17834417173624,522.0,18265.0,31902.0,32182.0,0.34348514044899814,0.5041750873400072,1.4508643849690466
I80-I89,Diseases of veins & lymphatic system nec.,2018,pre_covid,92570.0,41322.0,6871.0,2.715338609315532,83.19715673378529,5797.0,49468.0,29164.0,23590.0,0.4463865183104678,0.2548341795398077,0.30888210028838003
I95-I99,Other & unspecified disorders of the circulatory system,2018,pre_covid,31408.0,26603.0,1701.0,4.865755874915192,62.060751398880896,135.0,7581.0,12204.0,33563.0,0.8470134997452878,1.0686130922058075,4.404140228822128
J00-J06,Acute upper respiratory infections,2018,pre_covid,161783.0,133084.0,1292.0,0.7516914469967342,97.47442299374828,110523.0,52800.0,4492.0,3289.0,0.8226080614156,0.020329700895644166,0.012570818586038398
J09-J18,Influenza & pneumonia,2018,pre_covid,290880.0,282503.0,2131.0,8.280036486056686,134.3743618831537,18553.0,105449.0,153925.0,343413.0,0.9712011826182618,1.1806002475247526,9.493892787535952
J20-J22,Other acute lower respiratory infections,2018,pre_covid,180764.0,174923.0,1877.0,2.8902488975418774,77.02083333333333,92306.0,40900.0,34340.0,78805.0,0.967687150096258,0.4359551680644376,1.2193041408665906
J30-J39,Other diseases of upper respiratory tract,2018,pre_covid,107638.0,18857.0,6989.0,1.6241573033707866,89.82709835221421,20551.0,70006.0,15290.0,5469.0,0.1751890596257827,0.05080919377914863,0.01445697315380995
J40-J47,Chronic lower respiratory diseases,2018,pre_covid,238267.0,208989.0,14146.0,4.14040304774546,36.325950271506144,24673.0,106762.0,132470.0,137079.0,0.8771210448782248,0.575316766484658,2.0893403024277406
J60-J70,Lung diseases due to external agents,2018,pre_covid,27790.0,26172.0,596.0,12.818747173224786,144.19347826086957,598.0,11254.0,16545.0,42101.0,0.9417776178481468,1.5149694134580785,18.289330649295543
J80-J99,Other diseases of the respiratory system,2018,pre_covid,87306.0,48385.0,12318.0,7.1983431166910625,22.718536615924325,4471.0,41431.0,46207.0,50834.0,0.5542001695187043,0.5822509334982705,2.3227870265249386
K00-K14,"Diseases of oral cavity, salivary glands & jaws",2018,pre_covid,261727.0,20543.0,14810.0,1.6959130533227669,70.90076853967696,63405.0,156385.0,30718.0,14684.0,0.07849018251842568,0.05610426131044944,0.007468179891381523
K20-K31,"Diseases of oesophagus, stomach & duodenum",2018,pre_covid,430757.0,66909.0,57279.0,3.616269523633602,32.56261755950823,15401.0,213061.0,153517.0,107116.0,0.1553288745162586,0.2486692032863076,0.13968024551063776
K35-K38,Diseases of appendix,2018,pre_covid,47892.0,45814.0,266.0,3.197771755495333,59.36985236985237,10190.0,40098.0,5486.0,2380.0,0.9566107074250396,0.04969514741501712,0.15201858408242544
K40-K46,Hernia,2018,pre_covid,205256.0,29198.0,5844.0,2.880768472009348,69.59025425585865,8674.0,96231.0,67965.0,43711.0,0.14225162723623183,0.21295845188447596,0.08726909643510589
K50-K52,Noninfective enteritis & colitis,2018,pre_covid,256561.0,26495.0,101646.0,6.08306268061274,54.17586386620704,9405.0,208193.0,48150.0,19961.0,0.10326978769181598,0.0778021601100713,0.048875051795820725
K55-K63,Other diseases of intestines,2018,pre_covid,646953.0,166354.0,62566.0,4.622339555291143,39.19157035322872,19602.0,338360.0,201203.0,161334.0,0.25713459864936095,0.24937514780826428,0.29639818013072866
K65-K67,Diseases of peritoneum,2018,pre_covid,9087.0,5547.0,363.0,8.615859683794467,79.16513085145596,315.0,7156.0,3825.0,2702.0,0.6104324859689667,0.29734785957961923,1.563871524622526
K70-K77,Diseases of liver,2018,pre_covid,48952.0,24885.0,9001.0,9.920554820207368,34.31950245985334,1071.0,48648.0,29368.0,9749.0,0.5083551233861742,0.19915427357411342,1.004367836136768
K80-K87,"Disorders of gall bladder, biliary tract & pancreas",2018,pre_covid,213979.0,112653.0,7566.0,5.031878746467062,74.82389175467809,1147.0,143964.0,75405.0,68089.0,0.5264675505540263,0.31820412283448374,0.8429611853738626
K90-K93,Other diseases of the digestive system,2018,pre_covid,137810.0,65164.0,5863.0,4.181659831198239,29.224997172996463,7273.0,78259.0,41077.0,52504.0,0.4728539293229809,0.38098831724838544,0.7533336410748315
L00-L14  L55-L99,Other infections and disorders of the skin,2018,pre_covid,329913.0,180007.0,13761.0,4.234029903986207,55.99602316635842,21096.0,188608.0,90500.0,108706.0,0.5456196027437537,0.32949898912743664,0.7611985855476924
L20-L30,Dermatitis and eczema,2018,pre_covid,13675.0,8629.0,1344.0,2.185612244897959,43.84793627805938,4666.0,6136.0,2722.0,2613.0,0.6310054844606947,0.19107861060329068,0.2635228773678845
L40-L45,Papulosquamous disorders (including Psoriasis),2018,pre_covid,11725.0,1225.0,4971.0,6.132996632996633,205.2574047954866,254.0,7865.0,3095.0,1276.0,0.1044776119402985,0.1088272921108742,0.06973226735311833
L50-L54,Urticaria and erythems,2018,pre_covid,10481.0,5655.0,2573.0,1.494523459212032,34.091603053435115,3022.0,6183.0,1549.0,924.0,0.5395477530769964,0.08815952676271348,0.07108891322287661
M00-M25,Arthropathies,2018,pre_covid,609032.0,77360.0,74083.0,3.4034644935360743,104.11881511511174,19336.0,243488.0,223349.0,157713.0,0.1270212402632374,0.2589568364223883,0.11195022067595804
M30-M36,Systemic connective tissue disorders,2018,pre_covid,27080.0,4359.0,13777.0,6.4431163594470044,81.0884111617312,2706.0,15782.0,7404.0,4568.0,0.1609675036927622,0.168685376661743,0.17494906218440948
M40-M54,Dorsopathies,2018,pre_covid,320545.0,84580.0,38200.0,3.4202310453806266,118.63714939126925,4979.0,176742.0,96474.0,72764.0,0.26386310814394237,0.2270008891107333,0.2048621266826778
M60-M79,Soft tissue disorders,2018,pre_covid,248802.0,98401.0,12487.0,1.497997463453708,90.40958691528931,9709.0,129110.0,75295.0,50870.0,0.3954992323212836,0.20445977122370398,0.12113359135974702
M80-M94,Osteopathies and chondropathies,2018,pre_covid,88894.0,21704.0,28832.0,8.56718073034867,76.25135938290339,5243.0,34252.0,31173.0,35187.0,0.24415596103224066,0.3958309897180912,0.8279708612635596
M95-M99,Other disorders of the musculoskeletal system & conn. tiss.,2018,pre_covid,10711.0,5768.0,492.0,16.005501076297538,154.21179856115108,127.0,3180.0,3264.0,8300.0,0.5385118102884885,0.7749043039865559,6.679017484933443
"N00-N08, N10-N16",Diseases of the kidney,2018,pre_covid,85882.0,57992.0,9513.0,3.511800768299742,56.6346584177965,7409.0,66172.0,26014.0,18748.0,0.6752520900770825,0.2182995272583312,0.5176647605091377
N17-N19,Renal failure,2018,pre_covid,95579.0,60142.0,13759.0,7.496264803315406,42.92100785340314,3324.0,39837.0,46721.0,75348.0,0.6292386402870923,0.7883321650153277,3.718515106263337
N20-N23,Urolithiasis,2018,pre_covid,89624.0,34255.0,9941.0,1.4116281130904902,66.84718118150725,512.0,62089.0,25202.0,10115.0,0.3822078907435508,0.11286039453717754,0.060892178519172196
N25-N29,Other disorders of kidney & ureter,2018,pre_covid,6342.0,1827.0,949.0,3.5567426400759734,45.9830779054917,526.0,3062.0,2396.0,1686.0,0.28807947019867547,0.26584673604541154,0.27239308840444754
N30-N39,Other diseases of the urinary system,2018,pre_covid,272213.0,164675.0,21429.0,5.606669388072467,75.86602091218167,20508.0,92750.0,86211.0,198429.0,0.6049490656214067,0.7289475521007447,2.4724074279818957
N60-N64,Disorders of breast,2018,pre_covid,17983.0,6334.0,625.0,1.1490412217246526,54.1996254681648,351.0,14848.0,2728.0,954.0,0.3522215425679809,0.053050102874937444,0.021470282283095814
N99-N99,Other disorders of the genitourinary system,2018,pre_covid,4043.0,1765.0,251.0,2.7628226069911794,85.08658471405666,282.0,1450.0,1641.0,1215.0,0.4365570121197131,0.3005194162750433,0.36246535803233043
P00-P04,Complications of fetus/neonate affected by maternal,2018,pre_covid,261.0,2.0,0.0,1.1111111111111112,25.0,268.0,0.0,0.0,0.0,0.007662835249042145,0.0,0.0
P05-P96,Other conditions originating in the perinatal period,2018,pre_covid,250437.0,50816.0,2859.0,4.870284966824345,46.021394064872325,294094.0,62.0,0.0,3.0,0.20290931451822214,1.1979060602067586e-05,1.18380213482041e-05
Q00-Q89,Congenital malformations,2018,pre_covid,102677.0,10136.0,18800.0,4.633720930232558,87.5659217877095,85754.0,24931.0,4131.0,1863.0,0.09871733689141678,0.018144277686336766,0.008299711360998706
Q90-Q99,Chromosomal abnormalities nec.,2018,pre_covid,1396.0,151.0,417.0,9.413127413127413,53.24324324324324,1156.0,337.0,15.0,2.0,0.10816618911174786,0.0014326647564469914,0.0014587136388271027
R00-R09,Symptoms & signs inv. the circulatory/respiratory system,2018,pre_covid,440918.0,379701.0,8160.0,0.7774552295795804,43.44742971019712,28651.0,234434.0,124988.0,121221.0,0.861160125011907,0.2749286715443688,0.18406844138148404
R10-R19,Symptoms & signs inv. the digestive system & abdomen,2018,pre_covid,554882.0,304717.0,16864.0,1.3103824420604373,30.95860364389624,42210.0,369138.0,116551.0,79198.0,0.5491563972159846,0.14272944517933542,0.10270880824764934
R20-R23,Symptoms & signs inv. the skin & subcutaneous tissue,2018,pre_covid,40073.0,33222.0,1321.0,0.7436960176221669,47.55014058106842,13788.0,18383.0,6571.0,5212.0,0.829037007461383,0.130062635689866,0.08019031584820596
R25-R29,Symptoms & signs inv. the nervous & musculoskeletal sys.,2018,pre_covid,105466.0,92878.0,2688.0,7.445715659657172,113.67453328636844,8504.0,14595.0,25176.0,124234.0,0.8806439990139002,1.177953084406349,7.7238676042284595
R30-R39,Symptoms & signs involving the urinary system,2018,pre_covid,107642.0,50154.0,9215.0,2.167643734990818,43.00152321193107,5110.0,32188.0,34557.0,47758.0,0.4659333717322235,0.44367440218502074,0.4481011875615628
R40-R46,Symptoms & signs inv. Cognition perception etc.,2018,pre_covid,85731.0,80608.0,1562.0,2.5801006927556425,42.95148601398601,7095.0,35786.0,22028.0,47063.0,0.9402433192194188,0.5489612858825862,1.3317375017168602
R47-R49,Symptoms & signs inv. speech & voice,2018,pre_covid,8412.0,6261.0,337.0,2.346454021038344,41.04347826086956,267.0,2905.0,2913.0,4490.0,0.7442938659058488,0.5337612933903947,0.9321881231402044
R50-R68,General symptoms & signs,2018,pre_covid,316803.0,248772.0,16611.0,1.8214088064040905,37.63573262337168,60957.0,156083.0,72503.0,101468.0,0.785257715362544,0.3202873710160573,0.4580991214499822
R50-R69,General symptoms & signs,2018,pre_covid,189125.0,83685.0,34424.0,14.962049633110727,50.185866408518876,15101.0,89653.0,49013.0,75950.0,0.4424851288830139,0.4015862524785195,2.658695543988509
R70-R89,Abnormal findings of bodily fluids or samples without diag.,2018,pre_covid,35639.0,9835.0,6659.0,1.510437606308953,30.603878802899807,2642.0,13626.0,13635.0,8414.0,0.27596172732119306,0.23608967703919864,0.09840760057000164
R90-R94,Abnormal findings on diagnostic imaging/function studies,2018,pre_covid,44497.0,9530.0,4824.0,2.5054387770101427,22.83621733526034,1315.0,17643.0,17479.0,13199.0,0.2141717419151853,0.2966267388812729,0.15916818383223966
S00-S09,Injuries to the head,2018,pre_covid,183751.0,165396.0,2026.0,3.3984913324145936,24.794616325817167,28884.0,70151.0,28733.0,97002.0,0.9001093871597978,0.5278991678956849,1.6148509190436877
S10-S19,Injuries to the neck,2018,pre_covid,10158.0,9200.0,79.0,12.506314357878376,118.82394366197182,578.0,5584.0,2673.0,5569.0,0.9056900964756842,0.5482378420949006,6.209805091980524
S20-S29,Injuries to the thorax,2018,pre_covid,28420.0,27008.0,137.0,6.792631165959268,118.79344262295082,487.0,14049.0,8766.0,18097.0,0.9503166783954962,0.6367698803659395,4.110445530832544
S30-S39,"Injuries to abdomen, lower back, lumbar spine & pelvis",2018,pre_covid,41319.0,38149.0,371.0,8.069607367910809,215.46486486486486,2747.0,17923.0,9686.0,31994.0,0.9232798470437329,0.7743169002153972,5.769052599723793
S40-S49,Injuries to the shoulder & upper arm,2018,pre_covid,48240.0,37500.0,1787.0,4.694418381124562,35.101584507042254,7429.0,19039.0,10404.0,24916.0,0.777363184079602,0.5165008291873964,1.8848499583359695
S50-S59,Injuries to the elbow & forearm,2018,pre_covid,72230.0,52627.0,4192.0,2.2410325506498627,8.104866346812885,18900.0,30158.0,13273.0,19546.0,0.72860307351516,0.2706077807005399,0.4418546635787098
S60-S69,Injuries to the wrist & hand,2018,pre_covid,93794.0,54182.0,5836.0,0.9253282549864689,8.552129991422854,12403.0,67050.0,9992.0,8133.0,0.5776702134464892,0.08671130349489306,0.0463501893768695
S70-S79,Injuries to the hip & thigh,2018,pre_covid,87752.0,80995.0,824.0,15.141479136823621,465.45797413793105,2919.0,12819.0,22478.0,95590.0,0.9229989060078403,1.0893199015407056,15.223865096979228
S80-S89,Injuries to the knee & lower leg,2018,pre_covid,78912.0,64009.0,1905.0,5.9046338633726885,60.60987114588127,6921.0,47858.0,17200.0,26844.0,0.8111440592051906,0.340176399026764,1.6292778158890664
S90-S99,Injuries to the ankle & foot,2018,pre_covid,18875.0,15141.0,689.0,2.6887604670362073,31.11613566289825,2627.0,11868.0,2988.0,4400.0,0.8021721854304635,0.23311258278145697,0.5027886084101967
T00-T07,Injuries involving multiple body regions,2018,pre_covid,4339.0,3882.0,75.0,6.368459837877671,5.455089820359281,544.0,2600.0,790.0,1601.0,0.8946761926711224,0.3689790274256741,2.102335273309769
T08-T14,Injuries to unspecified part of trunk limb or body,2018,pre_covid,1568.0,1468.0,18.0,2.664438502673797,18.153846153846153,240.0,631.0,220.0,751.0,0.9362244897959183,0.4789540816326531,1.1947569808013652
T15-T19,Effects of foreign body entering through natural orifice,2018,pre_covid,18660.0,14264.0,297.0,1.1042255251197641,18.616430431009547,7207.0,9814.0,2733.0,2584.0,0.7644158628081458,0.1384780278670954,0.1168875733885112
T20-T32,Burns and corrosions,2018,pre_covid,12909.0,9680.0,1844.0,3.927739544732663,7.900692840646651,5615.0,5835.0,1184.0,1375.0,0.7498644356650399,0.10651483461151134,0.3137151809653382
T33-T35,Frostbite,2018,pre_covid,46.0,37.0,2.0,13.26,11.0,1.0,40.0,17.0,7.0,0.8043478260869565,0.15217391304347827,1.6230340264650285
T36-T50,Poisonings by drugs medicaments & biological substances,2018,pre_covid,116697.0,116256.0,90.0,1.4116833708978724,37.63157894736842,9230.0,122485.0,9724.0,7405.0,0.9962209825445384,0.06345493028955329,0.08923975204569702
T51-T65,Tox. effcts. of substnces. chiefly non-medicinal as to source,2018,pre_covid,8017.0,5878.0,1970.0,1.607345089791296,87.6076923076923,1574.0,5374.0,1587.0,833.0,0.7331919670699762,0.10390420356741924,0.12245032546890879
T66-T78,Other and unspecified effects of external causes,2018,pre_covid,20005.0,16080.0,2678.0,1.0831912516902815,60.59754738015607,6238.0,11586.0,2619.0,2121.0,0.8037990502374407,0.10602349412646839,0.09231127411585796
T79-T79,Certain early complications of trauma,2018,pre_covid,3103.0,2851.0,25.0,8.766839378238341,192.80165289256198,108.0,1717.0,903.0,2465.0,0.9187882694166936,0.794392523364486,6.398727853736325
T80-T88,Complications of surgical & medical care nec.,2018,pre_covid,217900.0,124802.0,14486.0,5.19739894632184,72.10443909153476,14667.0,109968.0,75349.0,70385.0,0.572748967416246,0.3230151445617256,0.961553058566473
T90-T98,Sequelae of injuries of poisoning & other consequences,2018,pre_covid,3.0,2.0,1.0,113.0,,0.0,2.0,0.0,1.0,0.6666666666666666,0.3333333333333333,25.111111111111107
U00-U49,Provisional assignment of new diseases of uncertain etiology,2018,pre_covid,4.0,3.0,0.0,161.25,,1.0,4.0,1.0,2.0,0.75,0.5,60.46875
U80-U89,Bacterial agents resistant to antibiotics,2018,pre_covid,0.0,0.0,0.0,23.5,,0.0,0.0,1.0,1.0,,inf,
Z00-Z13,Examination and investigation,2018,pre_covid,313949.0,21440.0,108304.0,1.3927788943813715,53.577097317753655,55882.0,157795.0,69125.0,42040.0,0.06829134668369703,0.1339070995607567,0.012736539806498656
Z20-Z29,Potential health hazards related to communicable diseases,2018,pre_covid,15234.0,559.0,8960.0,1.572657450076805,35.56632141663882,2874.0,4024.0,4816.0,4313.0,0.03669423657607982,0.28311671261651566,0.016337947650106863
Z30-Z39,Health services in circumstances related to reproduction,2018,pre_covid,539391.0,5603.0,2379.0,0.9754275902537384,82.3382598996096,391509.0,151043.0,119.0,10.0,0.010387640876469945,1.8539426872157674e-05,1.8784873141295107e-07
Z40-Z54,Persons encountering health services for specific care,2018,pre_covid,127826.0,8529.0,33828.0,3.2911213391273044,67.29697975168962,12014.0,57188.0,35451.0,25892.0,0.06672351477790121,0.2025566003786397,0.044480453790215806
Z55-Z65,Potential health hazards reltd. to socioeconomic & psychosoc.l,2018,pre_covid,732.0,628.0,28.0,6.424320827943079,9.666666666666666,446.0,178.0,71.0,261.0,0.8579234972677595,0.35655737704918034,1.9651930079027706
Z70-Z76,Persons encountering health services in other circs.,2018,pre_covid,22958.0,6671.0,9436.0,3.2129655046207337,43.11624891961971,12213.0,9975.0,1140.0,3545.0,0.29057409181984495,0.15441240526178238,0.14416012158932498
Z80-Z99,Persons with potential health hazards related to family,2018,pre_covid,9943.0,207.0,8331.0,10.392045454545455,23.845959595959595,1060.0,3471.0,3903.0,1529.0,0.020818666398471287,0.1537765261993362,0.03326932500974149
A00-A09,Intestinal infectious diseases,2019,pre_covid,154354.0,118049.0,3586.0,3.19094117271334,29.5400723975777,38951.0,76950.0,39815.0,53211.0,0.7647939152856421,0.3447335346022779,0.841291990100443
A15-A19,Tuberculosis,2019,pre_covid,2190.0,1387.0,247.0,18.4952870608398,12.4104683195592,175.0,3513.0,629.0,506.0,0.6333333333333333,0.2310502283105023,2.7064488554476993
A20-A49,Certain bacterial diseases,2019,pre_covid,170.0,148.0,8.0,7.01081081081081,22.5,29.0,181.0,73.0,28.0,0.8705882352941177,0.16470588235294117,1.0052871972318338
A20-A49,Certain bacterial diseases,2019,pre_covid,144650.0,137272.0,3368.0,10.4337176657308,91.5901213171577,12060.0,57684.0,84224.0,149368.0,0.9489941237469754,1.0326166609056342,10.224491820350824
A50-A64,Infections with predominantly sexual mode of transmission,2019,pre_covid,2231.0,717.0,268.0,3.72452068617558,65.951331496786,0.0,0.0,0.0,0.0,0.3213805468399821,0.0,0.0
A65-A79,Other infectious and parasitic disorders,2019,pre_covid,488.0,281.0,55.0,2.91737891737892,29.9310344827586,120.0,358.0,56.0,33.0,0.5758196721311475,0.06762295081967214,0.11359872472476622
A65-A79,Other infectious and parasitic disorders,2019,pre_covid,55.0,51.0,0.0,3.20967741935484,203.0,0.0,7.0,14.0,0.0,0.9272727272727272,0.0,0.0
A65-A79,Other infectious and parasitic disorders,2019,pre_covid,30.0,28.0,0.0,7.57142857142857,9.0,0.0,33.0,24.0,0.0,0.9333333333333333,0.0,0.0
A80-A89,Viral infections of the central nervous system,2019,pre_covid,3805.0,3511.0,126.0,6.80811477247254,42.2325581395349,1417.0,3719.0,741.0,558.0,0.9227332457293036,0.1466491458607096,0.9212607630607288
B00-B09,Viral infections characterized by skin & mucous mem. lesns.,2019,pre_covid,16311.0,12543.0,464.0,3.70382923487416,56.0782449725777,8786.0,4897.0,2610.0,3893.0,0.7689902519771933,0.23867328796517687,0.67979130578926
B15-B19,Viral hepatitis,2019,pre_covid,2280.0,1667.0,175.0,4.99345182413471,25.0823970037453,163.0,2292.0,605.0,290.0,0.731140350877193,0.12719298245614036,0.46437065545964973
B20-B24,Human immunodeficiency virus [HIV] disease,2019,pre_covid,2169.0,918.0,558.0,14.6368527236046,29.4059405940594,0.0,0.0,0.0,0.0,0.42323651452282157,0.0,0.0
B25-B34,Other viral diseases,2019,pre_covid,107757.0,105728.0,884.0,0.940037762992268,23.9709677419355,87912.0,23462.0,4330.0,3380.0,0.981170596805776,0.031366871757751234,0.02893083934891102
B35-B49,Mycoses,2019,pre_covid,9055.0,3541.0,1366.0,6.3513627720262,24.6125669202592,1346.0,4026.0,3336.0,2709.0,0.3910546659304252,0.2991717283268912,0.7430618108636997
B50-B64,Protozoal diseases,2019,pre_covid,2380.0,1966.0,97.0,6.6698224852071,13.8775510204082,246.0,2588.0,720.0,300.0,0.8260504201680672,0.12605042016806722,0.6944886134056825
B65-B83,Helminthiases,2019,pre_covid,890.0,288.0,85.0,4.36159600997506,40.1388888888889,220.0,654.0,89.0,23.0,0.3235955056179775,0.025842696629213482,0.036474197664530736
B85-B99,Other infectious and parasitic diseases,2019,pre_covid,284.0,251.0,8.0,5.72260273972603,51.8823529411765,102.0,119.0,67.0,159.0,0.8838028169014085,0.5598591549295775,2.831573010559985
B85-B99,Other infectious and parasitic diseases,2019,pre_covid,9.0,6.0,1.0,54.2857142857143,78.0,0.0,7.0,3.0,2.0,0.6666666666666666,0.2222222222222222,8.042328042328043
B85-B99,Other infectious and parasitic diseases,2019,pre_covid,5323.0,5109.0,123.0,5.15856109324759,24.1071428571429,221.0,1791.0,2163.0,5202.0,0.9597971068946083,0.977268457636671,4.838624236675619
C00-C14,Malignant neoplasm of lip-oral cavity and pharynx,2019,pre_covid,26773.0,2452.0,11184.0,6.67248982360923,19.6133728767862,294.0,12301.0,13052.0,3683.0,0.09158480558771898,0.13756396369476712,0.08406515708082662
C15-C26,Malignant neoplasm of digestive organs,2019,pre_covid,276518.0,29995.0,139097.0,8.83561007341325,17.0882931599839,581.0,78689.0,154487.0,92590.0,0.10847395106286029,0.33484257806001777,0.3209243556627926
C30-C39,Malignant neoplasms of respiratory & intrathoracic organs,2019,pre_covid,118894.0,14889.0,63555.0,8.03329916686378,15.7126393414509,276.0,25028.0,73789.0,42270.0,0.12522919575420122,0.35552677174626135,0.3576612101112463
C40-C41,Malignant neoplasm of bone and articular cartilage,2019,pre_covid,7941.0,621.0,5183.0,5.72907714344178,20.0491562729274,2695.0,4509.0,782.0,366.0,0.07820173781639592,0.0460899131091802,0.020649377492090497
C43-C44,Malignant neoplasms of skin,2019,pre_covid,158089.0,1332.0,10580.0,3.95769273931096,54.4360657735398,71.0,26388.0,50750.0,82111.0,0.008425633662051122,0.5193973015200298,0.017319858342363974
C45-C49,Malignant neoplasms of mesothelial and soft tissue,2019,pre_covid,22848.0,2506.0,12727.0,6.585212007943,18.2335843109788,2268.0,5775.0,10087.0,7485.0,0.1096813725490196,0.3275997899159664,0.2366171682557638
C50-C50,Malignant neoplasm of breast,2019,pre_covid,226544.0,4173.0,141691.0,2.35163596452197,21.6237379875865,1.0,121569.0,81786.0,27047.0,0.018420262730418815,0.11938961084822375,0.005171689591444525
C64-C68,Malignant neoplasms of urinary tract,2019,pre_covid,92467.0,5625.0,35526.0,4.25439403356122,32.8226852157095,2575.0,14647.0,41377.0,42113.0,0.060832513220932874,0.455438156315226,0.11786989124466417
C69-C72,"Malignant neoplasms of eye, brain & other parts of CNS",2019,pre_covid,22169.0,4740.0,10423.0,8.83994322451365,21.3470249520154,9762.0,9357.0,6005.0,2804.0,0.21381207993143578,0.1264829266092291,0.23906369069667657
"C73-C80, C97",Malignant neoplsm. of thyroid and oth. endo. Glands etc,2019,pre_covid,9739.0,538.0,4100.0,3.28641146865945,29.2375318951519,2368.0,4879.0,2102.0,930.0,0.05524181127425814,0.09549235034397782,0.01733638048801272
"C73-C80, C97",Malignant neoplsm. of thyroid and oth. endo. Glands etc,2019,pre_covid,167376.0,29220.0,93058.0,7.03218495752694,16.8652693661414,1414.0,60996.0,86349.0,52071.0,0.17457700028677947,0.31110195010037284,0.38192672174425674
C81-C96,"Malignant neoplasms of lymphoid, haematopoietic & rel. tiss.",2019,pre_covid,407970.0,20532.0,298059.0,8.08401855984964,19.4091034736939,24943.0,108564.0,171430.0,123245.0,0.05032722994337819,0.3020932911733706,0.12290552596534655
C97-C97,Malignant neoplasms of independent (primary) multiple sites,2019,pre_covid,19510.0,594.0,7218.0,6.16181046676096,48.9171032934132,61.0,5102.0,7312.0,8043.0,0.03044592516658124,0.4122501281394157,0.07733895693330811
D00-D48,In situ & benign neoplasms and others of uncertainty,2019,pre_covid,32654.0,178.0,2587.0,1.84975827445147,31.7147170950817,9.0,11992.0,10387.0,9993.0,0.005451093281068169,0.30602682672873155,0.0030857311992502096
D00-D48,In situ & benign neoplasms and others of uncertainty,2019,pre_covid,298981.0,8640.0,43028.0,3.19713753907874,52.1703853048598,9094.0,146588.0,104797.0,44604.0,0.028898157407995825,0.14918673761877846,0.0137835691420547
D00-D48,In situ & benign neoplasms and others of uncertainty,2019,pre_covid,114524.0,6807.0,68689.0,4.37251438148299,31.8430072074835,1788.0,22450.0,41885.0,54494.0,0.05943732318116727,0.4758303936292829,0.12366382290045883
D50-D64,Anaemias,2019,pre_covid,155083.0,29852.0,41772.0,2.78719709527192,21.6723008329391,1504.0,58807.0,48601.0,64411.0,0.1924904728435741,0.4153324348897042,0.2228295422851093
D50-D64,Anaemias,2019,pre_covid,51233.0,13578.0,26523.0,2.96064703042009,20.4220818904054,12559.0,38621.0,3013.0,2677.0,0.2650244959303574,0.05225147853922277,0.04099880844059596
D50-D64,Anaemias,2019,pre_covid,111757.0,25212.0,36001.0,2.98167997201107,20.0133179227193,2988.0,32537.0,38145.0,52127.0,0.22559660692395106,0.46643163291784856,0.31374844908617916
D65-D89,Diseases of the blood and blood-forming organs,2019,pre_covid,30335.0,8422.0,17044.0,2.47261625176139,20.5468399820708,6344.0,11249.0,7730.0,7379.0,0.2776330970825779,0.24325037085874401,0.16698654082731373
D65-D89,Diseases of the blood and blood-forming organs,2019,pre_covid,27506.0,6804.0,14580.0,4.38894174859922,33.6518966096005,3302.0,13169.0,9424.0,4482.0,0.2473642114447757,0.16294626626917763,0.176905402754741
D65-D89,Diseases of the blood and blood-forming organs,2019,pre_covid,37277.0,1272.0,26006.0,5.76657163221668,68.5297102635456,2701.0,16427.0,12235.0,6411.0,0.034122917616761006,0.17198272393164685,0.03384142733199311
E00-E07,Disorders of thyroid gland,2019,pre_covid,16099.0,3726.0,2362.0,2.36439633931714,73.5317540891145,1040.0,11137.0,3647.0,2173.0,0.23144294676687993,0.13497732778433444,0.0738626788184011
E10-E14,Diabetes Mellitus,2019,pre_covid,59828.0,51708.0,2502.0,5.72876870355919,41.566478646253,5536.0,51373.0,22024.0,20154.0,0.8642775957745538,0.33686568162064584,1.6679050075091835
E15-E90,Endocrine nutritional and metabolic diseases,2019,pre_covid,15607.0,13745.0,809.0,4.45703300224287,59.3831775700935,2794.0,6466.0,5799.0,9521.0,0.8806945601332735,0.6100467738835138,2.3946072796501827
E15-E90,Endocrine nutritional and metabolic diseases,2019,pre_covid,28798.0,5538.0,10609.0,4.80379572751444,61.5274790330538,6388.0,15393.0,6685.0,5086.0,0.19230502118202653,0.1766094867699146,0.16315079113252556
E15-E90,Endocrine nutritional and metabolic diseases,2019,pre_covid,816.0,654.0,51.0,22.5447598253275,21.3650793650794,26.0,1147.0,662.0,470.0,0.8014705882352942,0.5759803921568627,10.40736777187435
E15-E90,Endocrine nutritional and metabolic diseases,2019,pre_covid,8803.0,1381.0,3561.0,7.05575868372943,25.6176826806621,493.0,4616.0,2522.0,2282.0,0.15687833693059183,0.2592298080199932,0.2869403567209654
E15-E90,Endocrine nutritional and metabolic diseases,2019,pre_covid,11025.0,581.0,1423.0,3.10436432637571,111.644426898276,548.0,9385.0,1840.0,414.0,0.052698412698412696,0.037551020408163265,0.006143161903778405
E15-E90,Endocrine nutritional and metabolic diseases,2019,pre_covid,187491.0,74407.0,77974.0,5.24347564909783,39.8906932076131,9662.0,88641.0,70190.0,71117.0,0.39685638243969046,0.3793088734925943,0.7893064056210192
F00-F03,Dementia,2019,pre_covid,36554.0,32398.0,712.0,18.7423960753938,15.934384320409,136.0,4699.0,10370.0,62783.0,0.8863051923182141,1.7175411719647644,28.530905907938163
F10-F19,Mental and behavioural disorders due to psychoactive subst.,2019,pre_covid,50531.0,48160.0,1376.0,5.51541501976285,55.1597444089457,582.0,62822.0,12373.0,2481.0,0.9530783083651619,0.04909857315311393,0.2580926602777716
F20-F29,"Schizophrenia, schizotypal and delusional disorders",2019,pre_covid,20706.0,16227.0,2365.0,75.0322580645161,37.6842105263158,130.0,26634.0,4115.0,1873.0,0.7836858881483628,0.09045687240413407,5.319019846102548
F30-F39,Mood [affective] disorders,2019,pre_covid,21041.0,17349.0,1851.0,32.8176249477934,60.4326241134752,443.0,18936.0,5721.0,3669.0,0.8245330545126183,0.17437384154745497,4.718419537353578
F40-F69,"Neurotic, behavioural & personality disorders",2019,pre_covid,22352.0,18948.0,1401.0,9.36416804321622,45.5525070955535,954.0,19188.0,3881.0,3544.0,0.8477093772369363,0.15855404438081602,1.2586167593750108
F40-F69,"Neurotic, behavioural & personality disorders",2019,pre_covid,4516.0,2969.0,686.0,26.8359499431172,63.5277777777778,1184.0,5013.0,356.0,89.0,0.6574402125775022,0.01970770593445527,0.3477036989689269
F40-F69,"Neurotic, behavioural & personality disorders",2019,pre_covid,11063.0,7561.0,1212.0,25.7403298645199,121.879606879607,29.0,11294.0,376.0,91.0,0.6834493356232487,0.008225616921269096,0.1447067913189257
F70-F79,Mental retardation,2019,pre_covid,430.0,211.0,92.0,241.374358974359,36.7457627118644,56.0,476.0,45.0,8.0,0.4906976744186046,0.018604651162790697,2.203569053265105
F80-F99,Other mental and behavioural disorders,2019,pre_covid,2671.0,810.0,651.0,47.3319467554077,54.5578465063001,1844.0,964.0,76.0,65.0,0.30325720703856235,0.024335454885810556,0.3493051323430503
F80-F99,Other mental and behavioural disorders,2019,pre_covid,1323.0,889.0,210.0,17.0500878734622,39.8512396694215,751.0,676.0,26.0,50.0,0.671957671957672,0.03779289493575208,0.43299082970995445
F80-F99,Other mental and behavioural disorders,2019,pre_covid,570.0,520.0,17.0,15.5459363957597,36.0,19.0,522.0,72.0,32.0,0.9122807017543859,0.056140350877192984,0.7961969271327836
G00-G09,Inflammatory diseases of the central nervous system,2019,pre_covid,7321.0,5011.0,984.0,17.3730697070284,27.7068493150685,2122.0,6585.0,3017.0,1713.0,0.6844693347903292,0.23398442835678185,2.78238686335665
"G10-G14, G30-G32",Other degenerative diseases (incl. Alzheimer).,2019,pre_covid,4978.0,1216.0,1817.0,15.275223880597,40.3563129357088,1101.0,1918.0,2584.0,1723.0,0.24427480916030533,0.3461229409401366,1.2915066657883945
G20-G26,Extrapyramidal & movement disorders (incl. Parkinsonism).,2019,pre_covid,16196.0,6399.0,4761.0,12.5913735343384,70.8662557781202,1198.0,5258.0,8184.0,10489.0,0.39509755495183996,0.6476290442084466,3.2218385025691143
G30-G32,Other degenerative diseases (incl. Alzheimer).,2019,pre_covid,6333.0,5201.0,470.0,33.1353558926488,42.9320388349515,117.0,803.0,2851.0,10987.0,0.8212537501973788,1.7348807831991158,47.21050453841885
G35-G37,Demyelinating diseases (incl Multiple Sclerosis) of the CNS.,2019,pre_covid,51147.0,3045.0,32467.0,10.9969450101833,56.6944660950896,240.0,49511.0,4349.0,517.0,0.05953428353569124,0.010108119733317692,0.006617737897624376
G40-G47,"Epilepsy, migraine & other episodic disorders",2019,pre_covid,138932.0,87460.0,13747.0,2.34524808767401,66.3841468116277,27835.0,90705.0,28691.0,29322.0,0.6295165980479659,0.21105288918319753,0.3115927022620388
"G50-G73,  G90-G99",Other diseases & disorders of the nervous syst.,2019,pre_covid,81146.0,7823.0,4055.0,2.67835174284013,80.1577763134633,969.0,43128.0,23543.0,16926.0,0.09640647721391073,0.20858699134892664,0.05385934220755776
"G50-G73,  G90-G99",Other diseases & disorders of the nervous syst.,2019,pre_covid,30110.0,2565.0,18860.0,12.5983580167418,54.5541994207696,296.0,14716.0,12657.0,5681.0,0.0851876453005646,0.18867485885088012,0.20249047239257847
"G50-G73,  G90-G99",Other diseases & disorders of the nervous syst.,2019,pre_covid,8558.0,1482.0,3849.0,9.18657650889056,71.6947890818859,1711.0,4825.0,2206.0,1571.0,0.1731713017060061,0.1835709277868661,0.2920340697207884
G80-G83,Cerebral palsy & other paralytic syndromes,2019,pre_covid,15310.0,4334.0,4821.0,12.7833585829157,95.409272404614,4530.0,8377.0,2926.0,2325.0,0.2830829523187459,0.1518615284128021,0.5495490408273823
G90-G99,Other diseases & disorders of the nervous syst.,2019,pre_covid,25146.0,12758.0,3411.0,10.1806137001426,67.8495694749282,2978.0,19597.0,8176.0,5576.0,0.5073570349160901,0.22174500914658396,1.14535864739672
"H00-H06, H15-H22, H30-H36, H43-H59",Other disorders of the eye etc,2019,pre_covid,57289.0,6637.0,2166.0,1.78899082568807,85.9183541046696,6667.0,17331.0,15858.0,18505.0,0.1158512105290719,0.32301139834872317,0.0669462935331249
H10-H13,Disorders of conjunctiva (including conjunctivitis),2019,pre_covid,6317.0,2036.0,172.0,1.4980678402748,80.787037037037,1384.0,2631.0,1344.0,1161.0,0.3223048915624505,0.18378977362672155,0.08874006051224491
H15-H22,"Disorders of sclera, cornea, iris and ciliary body",2019,pre_covid,15589.0,2160.0,1683.0,3.5750512295082,80.5227575699867,795.0,8583.0,3032.0,3468.0,0.13855924049008916,0.22246455834242093,0.11019923898261548
H25-H28,Disorders of lens (including cataracts),2019,pre_covid,482232.0,612.0,26752.0,1.26122148638705,81.7549035077653,442.0,37390.0,177147.0,270833.0,0.001269098691086448,0.5616238656912026,0.000898943324056947
H30-H36,Disorders of choroid and retina,2019,pre_covid,137084.0,8322.0,72224.0,0.788098318240621,44.1993699655384,875.0,26496.0,43669.0,66448.0,0.06070730355110735,0.48472469434799104,0.02319084052180976
H40-H42,Glaucoma,2019,pre_covid,25123.0,1100.0,1059.0,1.38560411311054,60.522097237257,270.0,5434.0,9622.0,9850.0,0.04378457986705409,0.39207101062771166,0.023786200909639767
H43-H45,Disorders of vitreous body and globe,2019,pre_covid,6996.0,1415.0,226.0,2.22205206738132,48.8480527771866,128.0,2657.0,2530.0,1893.0,0.20225843339050886,0.2705831903945112,0.12160787045810192
H46-H48,Disorders of optic nerve and visual pathways,2019,pre_covid,3612.0,2228.0,422.0,1.78289992119779,45.3388429752066,821.0,2662.0,477.0,231.0,0.6168327796234773,0.06395348837209303,0.07033292009309318
H49-H52,"Disorders of ocular muscles, binocular movement, accommodation and",2019,pre_covid,14540.0,1396.0,705.0,2.15332486234646,117.102705453312,6896.0,5471.0,1851.0,1005.0,0.09601100412654745,0.06911966987620358,0.014289999769997657
H53-H54,Visual disturbances and blindness,2019,pre_covid,8040.0,6410.0,327.0,1.27622061482821,54.9284294234592,636.0,4275.0,2249.0,2325.0,0.7972636815920398,0.2891791044776119,0.294235211967812
H55-H59,Other disorders of eye and adnexa,2019,pre_covid,7859.0,2123.0,2300.0,0.9453125,52.4907934382323,788.0,2202.0,2256.0,2820.0,0.27013614963735844,0.3588242778979514,0.09163047240749007
H60-H95,Diseases of the ear and mastoid process,2019,pre_covid,13663.0,8697.0,434.0,3.15766146053187,74.4743723849372,2200.0,7056.0,2554.0,2935.0,0.6365366317792579,0.2148137305130645,0.4317685503757072
H60-H95,Diseases of the ear and mastoid process,2019,pre_covid,43416.0,9021.0,1009.0,1.18892073861743,104.288285705183,23988.0,14980.0,3745.0,1715.0,0.20778054173576563,0.039501566242859776,0.009758253424628013
H60-H95,Diseases of the ear and mastoid process,2019,pre_covid,13224.0,11117.0,236.0,1.91018181818182,105.887245841035,166.0,6578.0,5312.0,6148.0,0.8406684815486993,0.4649122807017544,0.7465699243364978
H60-H95,Diseases of the ear and mastoid process,2019,pre_covid,10702.0,2782.0,845.0,0.820632562088728,93.0675039246468,3430.0,4703.0,1788.0,1075.0,0.2599514109512241,0.1004485142963932,0.021428138368206326
I00-I09,Rheumatic heart disease,2019,pre_covid,112.0,68.0,26.0,7.92307692307692,7.7,67.0,71.0,16.0,12.0,0.6071428571428571,0.10714285714285714,0.5154042386185241
I00-I09,Rheumatic heart disease,2019,pre_covid,10867.0,1929.0,563.0,11.3361717018547,55.5831244778613,57.0,2410.0,4996.0,8608.0,0.17750989233459097,0.7921229410140793,1.5939752257455766
I10-I15,Hypertensive diseases,2019,pre_covid,26905.0,23451.0,966.0,1.7657504346861,56.3225446428571,473.0,15069.0,8940.0,10407.0,0.8716223750232299,0.3868054265006504,0.5953196946269766
I20-I25,Ischaemic heart diseases,2019,pre_covid,255585.0,140595.0,5493.0,4.8434198503445,53.7331407264736,73.0,96140.0,156463.0,140069.0,0.5500909677797993,0.5480329440303617,1.4601359625250756
I26-I28,Pulmonary heart disease & diseases of pulmonary circulation,2019,pre_covid,39858.0,30573.0,4420.0,5.42739087972354,55.7482566248257,433.0,21063.0,23863.0,24761.0,0.7670480204726781,0.6212303678057103,2.5862251535868888
I30-I52,Other forms of heart disease,2019,pre_covid,326703.0,208184.0,18178.0,6.26586657792199,68.1057842561224,3361.0,94861.0,156761.0,292001.0,0.6372270839263796,0.8937812018867289,3.568671606916428
I60-I69,Cerebrovascular diseases,2019,pre_covid,115146.0,96937.0,2339.0,15.0138165922677,39.1419012459622,711.0,38175.0,61275.0,120148.0,0.8418616365310128,1.0434405016240251,13.188624868877621
I70-I79,"Diseases of arteries, arterioles & capillaries",2019,pre_covid,63304.0,22817.0,7981.0,8.67122213746928,45.8262420571513,515.0,18394.0,31682.0,31751.0,0.3604353595349425,0.5015638822191331,1.5675953154164377
I80-I89,Diseases of veins & lymphatic system nec.,2019,pre_covid,120809.0,70009.0,7405.0,3.51184935920384,82.716915595693,5539.0,53481.0,39613.0,59408.0,0.5795015272040991,0.49175144235942686,1.0007742118096818
I95-I99,Other & unspecified disorders of the circulatory system,2019,pre_covid,4874.0,1271.0,1404.0,7.28233256351039,49.9439484126984,32.0,3611.0,2434.0,871.0,0.26077144029544524,0.17870332375871975,0.3393619634755253
J00-J06,Acute upper respiratory infections,2019,pre_covid,165275.0,140993.0,1468.0,0.713647534772783,93.3549053521668,113907.0,52880.0,4682.0,3538.0,0.8530812282559371,0.021406746331871125,0.013032412514049163
J80-J99,Other diseases of the respiratory system,2019,pre_covid,22817.0,9077.0,5687.0,7.12839325018342,22.8369090563888,362.0,10141.0,10985.0,12312.0,0.3978174168383223,0.5395976684051366,1.5301905225277235
J09-J18,Influenza & pneumonia,2019,pre_covid,306826.0,298114.0,2329.0,8.315221600811,95.9759373251259,19337.0,107598.0,160758.0,374606.0,0.9716060568530698,1.2209069635558916,9.863853466242274
J20-J22,Other acute lower respiratory infections,2019,pre_covid,187766.0,181948.0,1731.0,2.95864349856138,45.0070484581498,91402.0,44626.0,36508.0,85912.0,0.9690146245859208,0.4575482249182493,1.311776494048651
J30-J39,Other diseases of upper respiratory tract,2019,pre_covid,104362.0,19180.0,6428.0,1.72200860106248,89.4150948576449,18676.0,68328.0,15273.0,5660.0,0.18378336942565301,0.05423429984093827,0.017163883719351986
J40-J47,Chronic lower respiratory diseases,2019,pre_covid,240481.0,211328.0,14383.0,4.23796437530727,32.3388755812315,22230.0,107744.0,135743.0,142943.0,0.8787721275277465,0.5944045475526133,2.213684370468723
J60-J70,Lung diseases due to external agents,2019,pre_covid,30525.0,28876.0,591.0,12.7985011637722,59.4711111111111,528.0,12371.0,18064.0,47567.0,0.9459787059787059,1.5582964782964783,18.86646620430227
J80-J99,Other diseases of the respiratory system,2019,pre_covid,4178.0,2604.0,275.0,14.3511058451817,18.804780876494,539.0,3942.0,3189.0,2369.0,0.6232647199617042,0.5670177118238392,5.071711450654189
J80-J99,Other diseases of the respiratory system,2019,pre_covid,37113.0,23182.0,3142.0,5.77178817383044,15.3534777651083,400.0,17516.0,18362.0,24743.0,0.6246328779672891,0.6666936114030124,2.4035962478327324
J80-J99,Other diseases of the respiratory system,2019,pre_covid,26541.0,14576.0,4031.0,7.85285984572842,24.0501209816799,2929.0,11751.0,15245.0,14228.0,0.5491880486794016,0.536076259372292,2.3119343550713967
K00-K14,"Diseases of oral cavity, salivary glands & jaws",2019,pre_covid,248850.0,22129.0,14530.0,1.64673634178617,73.2047877495639,59250.0,149214.0,30031.0,14298.0,0.08892505525416917,0.05745629897528632,0.00841367750197999
K20-K31,"Diseases of oesophagus, stomach & duodenum",2019,pre_covid,443303.0,68852.0,57855.0,3.56682181523829,33.8359559402046,13802.0,218319.0,156412.0,109924.0,0.15531589003458132,0.24796583826412183,0.13736913293879713
K35-K38,Diseases of appendix,2019,pre_covid,47683.0,45543.0,382.0,3.16030135610246,61.4840067340067,10200.0,40427.0,5740.0,2658.0,0.9551202734727261,0.05574313696705325,0.1682588693293316
K40-K46,Hernia,2019,pre_covid,196865.0,30577.0,5938.0,2.91269532162832,70.9777517564403,8113.0,92182.0,65181.0,43090.0,0.155319635283062,0.21888095903283977,0.0990214777473486
K50-K52,Noninfective enteritis & colitis,2019,pre_covid,282335.0,28149.0,111364.0,6.08315559804859,44.7689824336626,10215.0,225299.0,53630.0,22357.0,0.09970071014929073,0.07918607328173978,0.048025952215407786
K55-K63,Other diseases of intestines,2019,pre_covid,669068.0,170458.0,60771.0,4.60097069543947,40.0185204674846,18962.0,349141.0,208493.0,166615.0,0.2547693209060962,0.2490255101125745,0.29190426131830427
K65-K67,Diseases of peritoneum,2019,pre_covid,9171.0,5632.0,376.0,8.48790225018147,79.3439821693908,288.0,7370.0,3945.0,2866.0,0.6141096935993894,0.3125068149602006,1.628942726175992
K70-K77,Diseases of liver,2019,pre_covid,51269.0,25743.0,9032.0,9.81122812574234,32.8592019687115,887.0,50792.0,31463.0,10782.0,0.5021162885954475,0.21030252199184693,1.0360296026625027
K80-K87,"Disorders of gall bladder, biliary tract & pancreas",2019,pre_covid,215833.0,118344.0,8076.0,5.03901976515207,74.8212104729646,1153.0,143618.0,77548.0,71592.0,0.5483128159271289,0.33170089837976585,0.9164760212765547
K90-K93,Other diseases of the digestive system,2019,pre_covid,137515.0,65616.0,5636.0,4.35226332307981,29.7933866788351,6911.0,77402.0,40577.0,54022.0,0.47715521943060757,0.3928444169726939,0.8158220281752034
L00-L14  L55-L99,Other infections and disorders of the skin,2019,pre_covid,188174.0,156855.0,9043.0,3.606548865645,59.9033155955792,13593.0,122684.0,50920.0,66670.0,0.8335636166526725,0.35429974385409246,1.0651270386193783
L00-L14  L55-L99,Other infections and disorders of the skin,2019,pre_covid,2108.0,716.0,715.0,13.5762711864407,34.2258064516129,44.0,727.0,924.0,1379.0,0.3396584440227704,0.6541745730550285,3.0165920339001406
L20-L30,Dermatitis and eczema,2019,pre_covid,14295.0,9053.0,1576.0,2.07624950806769,39.1371407784649,5090.0,6305.0,2715.0,2663.0,0.6332983560685554,0.18628891220706542,0.2449485708890428
L40-L45,Papulosquamous disorders (including Psoriasis),2019,pre_covid,10055.0,1205.0,4324.0,5.19874715261959,80.8698311007571,253.0,6656.0,2807.0,1025.0,0.11984087518647439,0.10193933366484337,0.06351048919534576
L50-L54,Urticaria and erythems,2019,pre_covid,12362.0,6132.0,3214.0,1.50525210084034,33.285409556314,3369.0,7439.0,1749.0,991.0,0.4960362400906002,0.08016502184112603,0.05985598253979254
L55-L59,Radiation-related disorders of the skin and subcutaneous tissue,2019,pre_covid,15066.0,344.0,460.0,1.40388007054674,39.8446410236158,174.0,2428.0,4867.0,7627.0,0.02283286871100491,0.5062392141245188,0.016227300239725045
L60-L75,Disorders of skin appendages,2019,pre_covid,48403.0,12855.0,1492.0,0.617482379289902,72.383075105042,2977.0,32614.0,9482.0,4182.0,0.26558271181538334,0.08639960333037208,0.014168899458956967
L80-L99,Other disorders of the skin and subcutaneous tissue,2019,pre_covid,91719.0,18323.0,3834.0,10.2431282586027,53.3207649508346,3950.0,36568.0,29299.0,38251.0,0.1997732203796378,0.41704554127280064,0.8534014250461575
M00-M25,Arthropathies,2019,pre_covid,586910.0,77999.0,71332.0,3.33553490852269,102.75677908716,18063.0,231418.0,214833.0,158466.0,0.1328977185599155,0.2700005111516246,0.11968717105613536
M30-M36,Systemic connective tissue disorders,2019,pre_covid,28608.0,4625.0,14252.0,6.02431533145636,50.919702098849,2334.0,17099.0,7730.0,5030.0,0.1616680648769575,0.17582494407158836,0.17124284085853733
M40-M54,Dorsopathies,2019,pre_covid,297991.0,88015.0,31675.0,3.51917336570246,119.725876944392,4606.0,165044.0,88594.0,71261.0,0.29536126930007955,0.2391380947746744,0.24856671491932292
M60-M79,Soft tissue disorders,2019,pre_covid,240699.0,102169.0,11763.0,1.54091926861713,93.1020560068987,9100.0,122566.0,73083.0,52458.0,0.4244679038965679,0.2179402490247155,0.14254834693464305
M80-M94,Osteopathies and chondropathies,2019,pre_covid,93129.0,23834.0,30495.0,8.72082949538201,71.3678083939278,4971.0,34778.0,33266.0,38405.0,0.2559245777362583,0.4123849713837795,0.9203915455751441
M95-M99,Other disorders of the musculoskeletal system & conn. tiss.,2019,pre_covid,11337.0,6554.0,528.0,16.0188328041169,135.997914183552,126.0,3072.0,3311.0,9436.0,0.578107083002558,0.8323189556320014,7.707773507721499
"N00-N08, N10-N16",Diseases of the kidney,2019,pre_covid,10203.0,3563.0,2500.0,5.43666912850812,43.3413036357681,2709.0,5472.0,2685.0,1848.0,0.349211016367735,0.18112319905910026,0.3438704990429838
N10-N16,Renal tubulo-interstitial diseases,2019,pre_covid,78163.0,56724.0,6833.0,3.44691863099079,60.9814301319217,4047.0,62029.0,24485.0,19326.0,0.725714212606988,0.24725253636631142,0.6184967406560051
N17-N19,Renal failure,2019,pre_covid,96684.0,60597.0,13291.0,7.55211610812837,52.935553633218,4715.0,39853.0,46889.0,74722.0,0.6267531339208142,0.7728476273219974,3.6581292874709876
N20-N23,Urolithiasis,2019,pre_covid,89270.0,33625.0,9842.0,1.3877045849189,68.1230678881842,425.0,61556.0,24774.0,10492.0,0.3766662932676151,0.1175310854710429,0.06143367962649813
N25-N29,Other disorders of kidney & ureter,2019,pre_covid,6345.0,1810.0,880.0,3.67345418425627,45.7353031702062,512.0,3011.0,2294.0,1817.0,0.285263987391647,0.2863672182821119,0.30008540737279393
N30-N39,Other diseases of the urinary system,2019,pre_covid,267346.0,161477.0,20210.0,5.53115165527906,78.0820884775009,20176.0,92583.0,85178.0,191058.0,0.6040000598475384,0.7146469369281755,2.387503871797336
N60-N64,Disorders of breast,2019,pre_covid,17430.0,6947.0,548.0,1.11492748882347,55.9145902547065,366.0,14401.0,2635.0,933.0,0.39856569133677566,0.05352839931153184,0.023786513581944363
N99-N99,Other disorders of the genitourinary system,2019,pre_covid,3984.0,1893.0,235.0,3.05600781504396,89.2269779507134,234.0,1546.0,1507.0,1211.0,0.4751506024096386,0.30396586345381527,0.4413778736549184
O10-O16,"Oedema, proteinuria and hypertensive disorders in pregnancy, childbirth and the puerperium",2019,pre_covid,32193.0,864.0,102.0,2.38379262614823,12.1951219512195,3.0,32296.0,1.0,0.0,0.026838132513279284,0.0,0.0
O80-O84,Delivery,2019,pre_covid,28226.0,236.0,161.0,1.03009749894023,20.6,6.0,28164.0,0.0,0.0,0.008361085523984978,0.0,0.0
O85-O92,Complications predominantly related to the puerperium,2019,pre_covid,26167.0,3961.0,167.0,1.40145654880948,41.6577181208054,1.0,27416.0,0.0,0.0,0.1513738678488172,0.0,0.0
O94-O99,"Other obstetric conditions, not elsewhere classified",2019,pre_covid,45015.0,4711.0,735.0,1.26105164151028,12.4217391304348,7.0,45610.0,0.0,0.0,0.10465400422081528,0.0,0.0
P00-P04,Complications of fetus/neonate affected by maternal,2019,pre_covid,232.0,1.0,0.0,0.539473684210526,4.5,233.0,0.0,0.0,0.0,0.004310344827586207,0.0,0.0
P05-P96,Other conditions originating in the perinatal period,2019,pre_covid,61454.0,1377.0,110.0,9.13641753653445,20.375,71503.0,0.0,0.0,0.0,0.0224070036124581,0.0,0.0
P05-P96,Other conditions originating in the perinatal period,2019,pre_covid,9159.0,516.0,35.0,1.55436094349973,128.738317757009,9654.0,28.0,0.0,0.0,0.056338028169014086,0.0,0.0
P05-P96,Other conditions originating in the perinatal period,2019,pre_covid,64092.0,6366.0,316.0,4.5534354142128,32.4742268041237,76333.0,6.0,0.0,1.0,0.09932596891967796,1.560257130375086e-05,7.056643331926942e-06
P05-P96,Other conditions originating in the perinatal period,2019,pre_covid,17879.0,6395.0,172.0,4.36968071649041,25.452380952381,22227.0,1.0,0.0,0.0,0.35768219699088316,0.0,0.0
P05-P96,Other conditions originating in the perinatal period,2019,pre_covid,48101.0,21203.0,1669.0,2.61556827069526,9.50448833034111,53958.0,24.0,0.0,0.0,0.44080164653541504,0.0,0.0
P05-P96,Other conditions originating in the perinatal period,2019,pre_covid,4723.0,3724.0,41.0,5.57438949312539,32.4074074074074,5400.0,6.0,0.0,0.0,0.7884818970993013,0.0,0.0
P05-P96,Other conditions originating in the perinatal period,2019,pre_covid,6360.0,604.0,39.0,3.48363205451044,22.2,7987.0,0.0,0.0,0.0,0.0949685534591195,0.0,0.0
P05-P96,Other conditions originating in the perinatal period,2019,pre_covid,10700.0,1934.0,47.0,1.82011878947865,97.0970873786408,11613.0,6.0,0.0,0.0,0.18074766355140187,0.0,0.0
P05-P96,Other conditions originating in the perinatal period,2019,pre_covid,22178.0,9777.0,217.0,2.83383370317191,33.822695035461,25334.0,4.0,0.0,0.0,0.4408422761294977,0.0,0.0
Q00-Q89,Congenital malformations,2019,pre_covid,3911.0,618.0,776.0,6.57954994078168,62.832541567696,3136.0,1232.0,115.0,23.0,0.1580158527230887,0.005880848887752493,0.006114160949070723
Q00-Q89,Congenital malformations,2019,pre_covid,6276.0,320.0,468.0,1.35846933033202,93.3200957892636,3948.0,2040.0,269.0,104.0,0.05098789037603569,0.0165710643722116,0.0011478028155822606
Q00-Q89,Congenital malformations,2019,pre_covid,19978.0,2036.0,4095.0,7.47683275150746,66.2438439065108,16911.0,7510.0,1355.0,380.0,0.101912103313645,0.019020923015316847,0.01449355819879766
Q00-Q89,Congenital malformations,2019,pre_covid,3523.0,1128.0,562.0,6.35106755337767,65.1685236768802,3642.0,320.0,83.0,58.0,0.32018166335509507,0.01646324155549248,0.03347792553296058
Q00-Q89,Congenital malformations,2019,pre_covid,2949.0,74.0,1344.0,2.04055535257581,142.020034843206,2657.0,417.0,14.0,0.0,0.025093251949813496,0.0,0.0
Q00-Q89,Congenital malformations,2019,pre_covid,13003.0,2433.0,1109.0,5.55618725051409,66.4261097583817,11236.0,1747.0,964.0,901.0,0.1871106667692071,0.0692917019149427,0.07203717087791826
Q00-Q89,Congenital malformations,2019,pre_covid,14769.0,1742.0,1704.0,1.07462106490478,117.186039360394,12447.0,2313.0,140.0,94.0,0.1179497596316609,0.006364682781501795,0.0008067317930977046
Q00-Q89,Congenital malformations,2019,pre_covid,5004.0,602.0,1175.0,3.56797020484171,73.7143681477207,4220.0,1035.0,283.0,94.0,0.12030375699440447,0.018784972022382093,0.008063265532721011
Q00-Q89,Congenital malformations,2019,pre_covid,18700.0,928.0,3916.0,3.94029236154005,100.349835294118,14758.0,4499.0,375.0,110.0,0.049625668449197864,0.0058823529411764705,0.00115023319015702
Q00-Q89,Congenital malformations,2019,pre_covid,7935.0,609.0,2576.0,3.62635609444799,90.631717597471,4989.0,2836.0,363.0,132.0,0.07674858223062382,0.0166351606805293,0.004629859475289102
Q90-Q99,Chromosomal abnormalities nec.,2019,pre_covid,1284.0,132.0,356.0,9.75239616613418,51.5811518324607,986.0,369.0,26.0,4.0,0.102803738317757,0.003115264797507788,0.00312331085182042
R00-R09,Symptoms & signs inv. the circulatory/respiratory system,2019,pre_covid,442588.0,383390.0,7881.0,0.737682945771391,42.9103841784571,28083.0,237352.0,123434.0,119716.0,0.86624580874312,0.2704908402396812,0.17284763934598785
R10-R19,Symptoms & signs inv. the digestive system & abdomen,2019,pre_covid,553228.0,301530.0,18050.0,1.23710586864428,30.87640140247,40221.0,367116.0,117242.0,79677.0,0.5450374890641833,0.14402199454835982,0.09710957723855926
R20-R23,Symptoms & signs inv. the skin & subcutaneous tissue,2019,pre_covid,40430.0,33681.0,1336.0,0.754881500328769,48.1736040609137,12970.0,18959.0,6934.0,5439.0,0.8330695028444225,0.13452881523621074,0.08460096870868318
R25-R29,Symptoms & signs inv. the nervous & musculoskeletal sys.,2019,pre_covid,109686.0,96777.0,2764.0,7.55310932702759,59.4152067274001,8489.0,14687.0,27107.0,132228.0,0.8823095016683988,1.2055139215579016,8.033761918116545
R30-R39,Symptoms & signs involving the urinary system,2019,pre_covid,106671.0,51229.0,9241.0,2.0851844126951,43.9928207558346,5565.0,30929.0,33412.0,48744.0,0.4802523647476821,0.4569564361447816,0.4576029130382751
R40-R46,Symptoms & signs inv. Cognition perception etc.,2019,pre_covid,86123.0,80843.0,1553.0,2.66366296079579,44.5020445252158,7091.0,35994.0,22201.0,47321.0,0.9386923353807926,0.5494583328495292,1.3738436400559522
R47-R49,Symptoms & signs inv. speech & voice,2019,pre_covid,8427.0,6360.0,338.0,2.23475917817447,37.7931262392597,271.0,2935.0,2815.0,4743.0,0.7547169811320755,0.5628337486650054,0.9492814231060102
R50-R68,General symptoms & signs,2019,pre_covid,429316.0,279802.0,38043.0,5.17721974341302,36.3476747480471,71758.0,210315.0,96767.0,145739.0,0.6517390453651856,0.3394678977722703,1.1454313087509151
R70-R89,Abnormal findings of bodily fluids or samples without diag.,2019,pre_covid,31320.0,9001.0,7042.0,1.45508242969232,30.9938330930642,2182.0,11697.0,12385.0,7505.0,0.2873882503192848,0.23962324393358875,0.10020411301132724
R70-R89,Abnormal findings of bodily fluids or samples without diag.,2019,pre_covid,1131.0,453.0,211.0,1.02044025157233,30.7541436464088,250.0,504.0,273.0,175.0,0.4005305039787798,0.15473032714412024,0.06324098447607178
R70-R89,Abnormal findings of bodily fluids or samples without diag.,2019,pre_covid,2518.0,144.0,314.0,1.95445544554455,36.9429347826087,83.0,1837.0,462.0,168.0,0.057188244638602066,0.06671961874503574,0.007457376963482269
R90-R94,Abnormal findings on diagnostic imaging/function studies,2019,pre_covid,46228.0,10246.0,4775.0,2.39901443642421,23.1337360452669,1350.0,18843.0,17865.0,13582.0,0.2216405641602492,0.2938046205762741,0.15622147352175828
R95-R99,Ill-defined & unknown causes of mortality,2019,pre_covid,4.0,3.0,0.0,0.25,,4.0,0.0,0.0,0.0,0.75,0.0,0.0
S00-S09,Injuries to the head,2019,pre_covid,177929.0,160070.0,1990.0,3.6806686830909,20.7977170658683,26980.0,65782.0,28604.0,98278.0,0.8996285035042068,0.5523439124594641,1.8289401963004017
S10-S19,Injuries to the neck,2019,pre_covid,10136.0,9209.0,107.0,13.166307752545,27.8035714285714,562.0,5304.0,2551.0,6048.0,0.9085438042620363,0.5966850828729282,7.1376468067781955
S20-S29,Injuries to the thorax,2019,pre_covid,30728.0,29354.0,167.0,6.91007491007491,102.807971014493,555.0,14056.0,9885.0,20737.0,0.9552850820098933,0.6748568081228846,4.454791524407031
S30-S39,"Injuries to abdomen, lower back, lumbar spine & pelvis",2019,pre_covid,43121.0,40055.0,390.0,8.28182555311016,75.0956175298805,2818.0,17825.0,9833.0,35579.0,0.9288977528350456,0.825096820574662,6.347444382859646
S40-S49,Injuries to the shoulder & upper arm,2019,pre_covid,47934.0,36957.0,1818.0,4.84677944046845,28.7913718723037,7216.0,18149.0,10753.0,25758.0,0.7709976217298786,0.5373638753285768,2.008051110920687
S50-S59,Injuries to the elbow & forearm,2019,pre_covid,69738.0,50233.0,3942.0,2.27882527317225,7.23133089943578,17856.0,28569.0,13040.0,19751.0,0.7203103042817403,0.28321718431844906,0.4648900548957166
S60-S69,Injuries to the wrist & hand,2019,pre_covid,91620.0,53676.0,5116.0,0.936935256921017,7.99166830999803,12136.0,65192.0,9834.0,8200.0,0.5858546168958743,0.08950010914647456,0.04912731212832939
S70-S79,Injuries to the hip & thigh,2019,pre_covid,90549.0,83968.0,819.0,15.1627001828969,179.683908045977,2893.0,12888.0,22554.0,100038.0,0.9273211189521695,1.1047940893880661,15.53416952471943
S80-S89,Injuries to the knee & lower leg,2019,pre_covid,79825.0,64242.0,1896.0,6.07951938089743,53.021985494107,6838.0,47479.0,18001.0,27534.0,0.8047854682117132,0.34492953335421234,1.6876397809713366
S90-S99,Injuries to the ankle & foot,2019,pre_covid,17995.0,14321.0,630.0,2.86815227483751,27.580662112454,2378.0,11083.0,3129.0,4536.0,0.7958321756043345,0.2520700194498472,0.5753669260879466
T00-T07,Injuries involving multiple body regions,2019,pre_covid,4519.0,4032.0,71.0,6.24011502516175,6.0062893081761,606.0,2542.0,859.0,1764.0,0.8922327948661208,0.39035184775392784,2.1733367149467484
T08-T14,Injuries to unspecified part of trunk limb or body,2019,pre_covid,1530.0,1405.0,33.0,2.54532775453278,32.6111111111111,200.0,627.0,239.0,747.0,0.9183006535947712,0.48823529411764705,1.1411895274695891
T15-T19,Effects of foreign body entering through natural orifice,2019,pre_covid,19283.0,14916.0,339.0,1.14734657574859,18.7031717534411,7472.0,10300.0,2680.0,2679.0,0.773531089560753,0.13893066431571852,0.12330211031952192
T20-T32,Burns and corrosions,2019,pre_covid,12524.0,9941.0,1286.0,3.73300668151448,7.17064220183486,5438.0,5692.0,1277.0,1311.0,0.793755988502076,0.10467901628872564,0.3101740172178033
T33-T35,Frostbite,2019,pre_covid,24.0,16.0,0.0,7.96153846153846,30.0,0.0,29.0,4.0,0.0,0.6666666666666666,0.0,0.0
T36-T50,Poisonings by drugs medicaments & biological substances,2019,pre_covid,113008.0,112607.0,88.0,1.54485887096774,135.238805970149,9107.0,118616.0,9752.0,7749.0,0.9964515786492991,0.06857036669970268,0.10555564954584734
T51-T65,Tox. effcts. of substnces. chiefly non-medicinal as to source,2019,pre_covid,7665.0,5616.0,1819.0,1.74192462987887,125.313725490196,1404.0,5259.0,1532.0,820.0,0.7326810176125245,0.10697977821265492,0.13653562825148802
T66-T78,Other and unspecified effects of external causes,2019,pre_covid,20829.0,16181.0,3316.0,1.09135542696826,63.8456790123457,6276.0,12132.0,2601.0,2395.0,0.7768495847136204,0.11498391665466418,0.09748555040883003
T79-T79,Certain early complications of trauma,2019,pre_covid,3230.0,2998.0,41.0,8.92465511142554,50.4736842105263,120.0,1687.0,939.0,2883.0,0.9281733746130031,0.8925696594427245,7.3937143552940245
T80-T88,Complications of surgical & medical care nec.,2019,pre_covid,223918.0,130925.0,15383.0,5.15872945554423,71.2395398669223,14986.0,112516.0,76755.0,75038.0,0.5847006493448494,0.3351137469966684,1.01080777140474
T90-T98,Sequelae of injuries of poisoning & other consequences,2019,pre_covid,2.0,1.0,0.0,33.0,,0.0,1.0,0.0,1.0,0.5,0.5,8.25
U00-U49,Provisional assignment of new diseases of uncertain etiology,2019,pre_covid,13725.0,13438.0,58.0,5.248320268757,106.647058823529,298.0,6992.0,5893.0,10601.0,0.9790892531876139,0.7723861566484518,3.9689634012164325
Z00-Z13,Examination and investigation,2019,pre_covid,318279.0,24133.0,107796.0,1.31795207447002,55.6281383230696,55309.0,161249.0,69023.0,43417.0,0.07582341279192155,0.13641176452106485,0.013631849186192056
Z20-Z29,Potential health hazards related to communicable diseases,2019,pre_covid,17850.0,698.0,9939.0,1.61233815689261,35.0017944116893,3087.0,5046.0,5619.0,4769.0,0.039103641456582634,0.26717086834733894,0.016844667240430787
Z30-Z39,Health services in circumstances related to reproduction,2019,pre_covid,529315.0,5262.0,2562.0,0.996220772704466,86.3067172897196,392528.0,139618.0,135.0,9.0,0.00994115035470372,1.700310779025722e-05,1.6839164654583365e-07
Z40-Z54,Persons encountering health services for specific care,2019,pre_covid,124378.0,9725.0,33180.0,3.16679654959288,67.5556343737333,11799.0,55303.0,34224.0,25927.0,0.07818906880638055,0.20845326343887183,0.05161487769829319
Z55-Z65,Potential health hazards reltd. to socioeconomic & psychosoc.l,2019,pre_covid,815.0,693.0,41.0,5.9685681024447,24.2,476.0,220.0,90.0,330.0,0.8503067484662576,0.4049079754601227,2.0549540281502177
Z70-Z76,Persons encountering health services in other circs.,2019,pre_covid,19174.0,6713.0,6896.0,4.10230127625364,49.0236686390533,9295.0,8470.0,1356.0,4527.0,0.35010952331281947,0.23610097006362782,0.33910113839119616
Z80-Z99,Persons with potential health hazards related to family,2019,pre_covid,11208.0,207.0,9440.0,7.64647577092511,26.0246238030096,1462.0,3594.0,4316.0,1823.0,0.01846895074946467,0.16265167737330477,0.022970057708601686
A00-A09,Intestinal infectious diseases,2020,covid_peak,88870.0,67675.0,1849.0,3.59392696052946,43.3957441953335,12698.0,50150.0,27325.0,37608.0,0.7615055699336108,0.42317992573421853,1.15815687343525
A15-A19,Tuberculosis,2020,covid_peak,1700.0,1181.0,104.0,17.7260778128286,17.5454545454545,117.0,3032.0,535.0,422.0,0.6947058823529412,0.24823529411764705,3.0568713192087
A20-A49,Certain bacterial diseases,2020,covid_peak,115.0,103.0,2.0,8.40476190476191,1.0,16.0,131.0,59.0,38.0,0.8956521739130435,0.33043478260869563,2.48742821136016
A20-A49,Certain bacterial diseases,2020,covid_peak,99875.0,94976.0,2068.0,9.79477798104108,33.1949367088608,7259.0,38153.0,59221.0,108855.0,0.9509486858573216,1.08991239048811,10.151805037761081
A50-A64,Infections with predominantly sexual mode of transmission,2020,covid_peak,1586.0,569.0,244.0,3.62051282051282,81.4407294832827,0.0,0.0,0.0,0.0,0.3587641866330391,0.0,0.0
A65-A79,Other infectious and parasitic disorders,2020,covid_peak,352.0,166.0,60.0,4.22613065326633,28.8942307692308,81.0,227.0,86.0,6.0,0.4715909090909091,0.017045454545454544,0.033971672671207265
A65-A79,Other infectious and parasitic disorders,2020,covid_peak,35.0,31.0,1.0,2.25,1.0,0.0,8.0,1.0,0.0,0.8857142857142857,0.0,0.0
A65-A79,Other infectious and parasitic disorders,2020,covid_peak,5.0,5.0,0.0,6.83333333333333,,1.0,4.0,1.0,0.0,1.0,0.0,0.0
A90-A99,Arthropod-borne viral fevers & viral haemorrhagic fevers,2020,covid_peak,9.0,9.0,0.0,3.84615384615385,,1.0,12.0,1.0,2.0,1.0,0.2222222222222222,0.8547008547008554
B00-B09,Viral infections characterized by skin & mucous mem. lesns.,2020,covid_peak,8283.0,6018.0,280.0,4.66251808972504,53.800796812749,3079.0,3045.0,2010.0,2956.0,0.72654835204636,0.35687552819026924,1.208931852071866
B15-B19,Viral hepatitis,2020,covid_peak,1503.0,1125.0,121.0,4.95954907161804,47.1278195488722,98.0,1532.0,490.0,223.0,0.7485029940119761,0.1483699268130406,0.5507843808245898
B20-B24,Human immunodeficiency virus [HIV] disease,2020,covid_peak,1257.0,588.0,153.0,18.4133064516129,39.6666666666667,0.0,0.0,0.0,0.0,0.4677804295942721,0.0,0.0
B25-B34,Other viral diseases,2020,covid_peak,46898.0,45958.0,346.0,1.14756296281017,27.0047393364929,41217.0,7803.0,1550.0,1147.0,0.9799565013433409,0.02445733293530641,0.027503782009133237
B35-B49,Mycoses,2020,covid_peak,5982.0,2678.0,768.0,5.72612921669525,39.7356057116536,886.0,2807.0,2230.0,1786.0,0.4476763624205951,0.2985623537278502,0.7653504713283238
B50-B64,Protozoal diseases,2020,covid_peak,808.0,571.0,77.0,9.67885714285714,25.8421052631579,59.0,799.0,333.0,149.0,0.7066831683168316,0.1844059405940594,1.2613155065329724
B65-B83,Helminthiases,2020,covid_peak,532.0,239.0,29.0,2.86644951140065,51.5203619909502,181.0,370.0,41.0,20.0,0.4492481203007519,0.03759398496240601,0.048411543418562054
B85-B99,Other infectious and parasitic diseases,2020,covid_peak,209.0,192.0,4.0,4.64705882352941,24.9,81.0,55.0,62.0,125.0,0.9186602870813397,0.5980861244019139,2.553270569920694
B85-B99,Other infectious and parasitic diseases,2020,covid_peak,7.0,5.0,1.0,25.4444444444444,,3.0,4.0,3.0,4.0,0.7142857142857143,0.5714285714285714,10.385487528344653
B85-B99,Other infectious and parasitic diseases,2020,covid_peak,5044.0,4866.0,87.0,5.42464892056173,52.3181818181818,202.0,1578.0,2201.0,5270.0,0.964710547184774,1.0448057097541634,5.467693986891537
C00-C14,Malignant neoplasm of lip-oral cavity and pharynx,2020,covid_peak,21929.0,2303.0,8326.0,6.23016864459713,20.2369896814715,253.0,9880.0,10662.0,2830.0,0.10502074878015413,0.12905285238724976,0.08443889107176374
C15-C26,Malignant neoplasm of digestive organs,2020,covid_peak,239709.0,27797.0,113387.0,7.52145047292381,22.6103548075892,800.0,70364.0,133405.0,76481.0,0.11596143657518074,0.31905769078340823,0.27828154422577117
C30-C39,Malignant neoplasms of respiratory & intrathoracic organs,2020,covid_peak,93754.0,13935.0,46889.0,6.88920634920635,19.9694545454545,245.0,20945.0,58384.0,32427.0,0.14863365829724598,0.34587324274164305,0.35416311271768525
C40-C41,Malignant neoplasm of bone and articular cartilage,2020,covid_peak,7575.0,616.0,4559.0,5.36829048263419,19.663813229572,2544.0,4293.0,711.0,362.0,0.08132013201320132,0.04778877887788779,0.020862195755162363
C43-C44,Malignant neoplasms of skin,2020,covid_peak,123000.0,1387.0,7953.0,3.02638834186688,60.9075362672689,37.0,20658.0,39378.0,63541.0,0.011276422764227642,0.5165934959349594,0.01762970068356081
C45-C49,Malignant neoplasms of mesothelial and soft tissue,2020,covid_peak,19981.0,2353.0,10132.0,5.82286785379569,19.6518013631938,2203.0,5106.0,8449.0,6536.0,0.11776187378009109,0.3271107552174566,0.22430371432320567
C50-C50,Malignant neoplasm of breast,2020,covid_peak,201967.0,3589.0,121955.0,1.8698697603152,29.0839435482391,1.0,112112.0,68509.0,23302.0,0.0177702297900152,0.11537528408106275,0.0038336917067874313
C64-C68,Malignant neoplasms of urinary tract,2020,covid_peak,75239.0,5493.0,26173.0,3.7899419729207,35.6494891628607,2332.0,12394.0,33893.0,32777.0,0.07300734991161499,0.4356384321960685,0.12053837471165867
C69-C72,"Malignant neoplasms of eye, brain & other parts of CNS",2020,covid_peak,20232.0,4390.0,9514.0,7.0437027475567,22.5789932447156,10843.0,7316.0,4894.0,2249.0,0.21698299723210757,0.11116053776196125,0.16989373454251738
"C73-C80, C97",Malignant neoplsm. of thyroid and oth. endo. Glands etc,2020,covid_peak,8800.0,515.0,3625.0,3.42760829260071,37.0397593512948,2244.0,4384.0,1783.0,714.0,0.058522727272727275,0.08113636363636363,0.0162753853986597
"C73-C80, C97",Malignant neoplsm. of thyroid and oth. endo. Glands etc,2020,covid_peak,151147.0,28939.0,75398.0,6.1461137646548,25.7428993803667,1582.0,56027.0,76558.0,46511.0,0.1914626158640264,0.3077202987819805,0.3621101750905837
C81-C96,"Malignant neoplasms of lymphoid, haematopoietic & rel. tiss.",2020,covid_peak,333124.0,18676.0,226232.0,7.91861848530587,22.8413414945167,25278.0,93651.0,137124.0,94029.0,0.056063207694432106,0.28226426195650867,0.12530928637423375
C97-C97,Malignant neoplasms of independent (primary) multiple sites,2020,covid_peak,18576.0,630.0,6686.0,5.50776583034648,53.9391179781029,215.0,4815.0,6781.0,7671.0,0.03391472868217054,0.4129521963824289,0.07713715105432023
D00-D48,In situ & benign neoplasms and others of uncertainty,2020,covid_peak,22889.0,167.0,1765.0,1.70586760280843,34.1043487883147,5.0,8358.0,7168.0,6951.0,0.007296081086985015,0.30368299183013675,0.0037796835688288506
D00-D48,In situ & benign neoplasms and others of uncertainty,2020,covid_peak,193355.0,8460.0,22481.0,3.29554677488253,64.5511436090838,6499.0,84521.0,75698.0,31059.0,0.043753717255824776,0.1606319981381397,0.02316191682875499
D00-D48,In situ & benign neoplasms and others of uncertainty,2020,covid_peak,99716.0,6587.0,56921.0,3.88335232570185,34.3378595676255,1516.0,19560.0,36935.0,46973.0,0.06605760359420755,0.47106783264471097,0.1208406515317349
D50-D64,Anaemias,2020,covid_peak,114947.0,31419.0,28360.0,2.6274775133328,28.8565110565111,1243.0,44865.0,35623.0,51595.0,0.27333466728144273,0.44885903938336796,0.32236189546825283
D50-D64,Anaemias,2020,covid_peak,46731.0,10348.0,21759.0,3.24403328977234,22.0869289340102,10885.0,34579.0,2819.0,2527.0,0.22143758960861099,0.05407545312533436,0.038845151085472714
D50-D64,Anaemias,2020,covid_peak,85014.0,23782.0,26415.0,2.86009174311927,28.1620986687549,3381.0,25257.0,29415.0,40322.0,0.2797421601148046,0.4742983508598584,0.37948053388740316
D65-D89,Diseases of the blood and blood-forming organs,2020,covid_peak,23878.0,6103.0,12566.0,2.51850566736063,21.3957528957529,4007.0,9739.0,6247.0,6030.0,0.25559092051260573,0.25253371304129324,0.16255776474062378
D65-D89,Diseases of the blood and blood-forming organs,2020,covid_peak,21662.0,4965.0,11277.0,4.42146299971647,37.1451335055986,2791.0,10472.0,7238.0,3240.0,0.22920321299972302,0.14957067676114855,0.15157694687701426
D65-D89,Diseases of the blood and blood-forming organs,2020,covid_peak,26011.0,1067.0,16768.0,5.32349841938883,74.0143672505412,1752.0,11306.0,8497.0,4626.0,0.04102110645496136,0.17784783360885778,0.0388376621199781
E00-E07,Disorders of thyroid gland,2020,covid_peak,12348.0,3898.0,1731.0,2.58698250570466,81.2672079068126,1151.0,8507.0,2770.0,1856.0,0.3156786524133463,0.15030774214447684,0.12274959189019616
E10-E14,Diabetes Mellitus,2020,covid_peak,54811.0,49071.0,1990.0,5.14084174595105,39.5491379310345,5578.0,46660.0,21146.0,18476.0,0.8952764955939502,0.3370856214993341,1.551428072567557
E15-E90,Endocrine nutritional and metabolic diseases,2020,covid_peak,13044.0,11834.0,508.0,4.33613057202248,56.8490566037736,1725.0,6019.0,5084.0,8601.0,0.9072370438515792,0.6593836246550138,2.5939481081539904
E15-E90,Endocrine nutritional and metabolic diseases,2020,covid_peak,22807.0,4988.0,8401.0,4.95741556534508,68.477997577715,5686.0,11962.0,5161.0,4478.0,0.2187047836190643,0.1963432279563292,0.21287738906524176
E15-E90,Endocrine nutritional and metabolic diseases,2020,covid_peak,792.0,644.0,47.0,18.9165644171779,18.3333333333333,31.0,1115.0,666.0,432.0,0.8131313131313131,0.5454545454545454,8.389991380621602
E15-E90,Endocrine nutritional and metabolic diseases,2020,covid_peak,6525.0,1569.0,2262.0,6.71987951807229,29.6154332700822,375.0,3734.0,1917.0,1800.0,0.24045977011494252,0.27586206896551724,0.44575467148021336
E15-E90,Endocrine nutritional and metabolic diseases,2020,covid_peak,4095.0,518.0,554.0,3.54262560777958,163.974210931486,382.0,3411.0,819.0,201.0,0.1264957264957265,0.04908424908424908,0.021995977287337473
E15-E90,Endocrine nutritional and metabolic diseases,2020,covid_peak,157934.0,69241.0,57562.0,4.59939593629874,29.4493435234176,6994.0,71617.0,63308.0,66662.0,0.4384173135613611,0.42208770752339586,0.8511207882450504
F00-F03,Dementia,2020,covid_peak,36833.0,32769.0,740.0,15.1354823202649,14.4174252275683,87.0,4471.0,11295.0,63103.0,0.8896641598566503,1.7132191241549697,23.069345541802356
F10-F19,Mental and behavioural disorders due to psychoactive subst.,2020,covid_peak,47277.0,45721.0,891.0,5.64801503925688,58.531746031746,579.0,62709.0,12157.0,2383.0,0.9670875901601201,0.05040505954269518,0.2753187486324804
F20-F29,"Schizophrenia, schizotypal and delusional disorders",2020,covid_peak,18487.0,14618.0,2224.0,70.8084806759506,95.4054054054054,105.0,24384.0,4058.0,1844.0,0.7907178016984908,0.09974576729593769,5.584718249529432
F30-F39,Mood [affective] disorders,2020,covid_peak,16209.0,13307.0,1424.0,32.1573278470289,76.2777777777778,285.0,14823.0,5163.0,3318.0,0.8209636621629959,0.20470109198593375,5.404108344243618
F40-F69,"Neurotic, behavioural & personality disorders",2020,covid_peak,19198.0,17266.0,728.0,7.63248499280647,59.7221095334686,912.0,16530.0,3761.0,3069.0,0.8993645171372018,0.15986040212522137,1.0973435350955694
F40-F69,"Neurotic, behavioural & personality disorders",2020,covid_peak,5200.0,3977.0,650.0,20.003098973465,70.7564575645756,1833.0,5459.0,193.0,42.0,0.7648076923076923,0.008076923076923077,0.12356500125494649
F40-F69,"Neurotic, behavioural & personality disorders",2020,covid_peak,7196.0,5287.0,791.0,26.0195100484084,187.795604395604,23.0,8209.0,282.0,87.0,0.7347137298499167,0.012090050027793219,0.23112417190917406
F70-F79,Mental retardation,2020,covid_peak,278.0,182.0,50.0,200.353383458647,83.4285714285714,21.0,328.0,52.0,8.0,0.6546762589928058,0.02877697841726619,3.774578519690881
F80-F99,Other mental and behavioural disorders,2020,covid_peak,1847.0,690.0,424.0,51.1224696356275,71.9769392033543,1173.0,844.0,96.0,81.0,0.37357877639415266,0.04385489983757444,0.83755270269124
F80-F99,Other mental and behavioural disorders,2020,covid_peak,1465.0,1189.0,129.0,13.2837933474876,53.0724637681159,944.0,672.0,29.0,44.0,0.81160409556314,0.030034129692832763,0.3238033909618802
F80-F99,Other mental and behavioural disorders,2020,covid_peak,618.0,527.0,30.0,14.096463022508,,17.0,561.0,76.0,67.0,0.8527508090614887,0.10841423948220065,1.303222664356613
G00-G09,Inflammatory diseases of the central nervous system,2020,covid_peak,5413.0,3821.0,652.0,16.5997007108118,26.4835164835165,1306.0,4934.0,2671.0,1597.0,0.7058932200258636,0.29503048217254757,3.4570539533334994
"G10-G14, G30-G32",Other degenerative diseases (incl. Alzheimer).,2020,covid_peak,4050.0,1025.0,1521.0,13.6369675654553,36.1337824831569,999.0,1618.0,1859.0,1409.0,0.25308641975308643,0.34790123456790123,1.2007224192787491
G20-G26,Extrapyramidal & movement disorders (incl. Parkinsonism).,2020,covid_peak,11097.0,5947.0,2489.0,10.9454250135355,82.0284675953967,1135.0,3540.0,5792.0,8440.0,0.5359106064702172,0.7605659187167703,4.46130426004678
G30-G32,Other degenerative diseases (incl. Alzheimer).,2020,covid_peak,5778.0,4966.0,370.0,24.0895945945946,55.3881578947368,89.0,668.0,2744.0,9933.0,0.8594669435790931,1.7191069574247144,35.5927518686037
G35-G37,Demyelinating diseases (incl Multiple Sclerosis) of the CNS.,2020,covid_peak,47870.0,2615.0,31974.0,8.56067101584343,71.597212543554,235.0,46060.0,3901.0,524.0,0.05462711510340505,0.010946312930854397,0.005118985893777062
G40-G47,"Epilepsy, migraine & other episodic disorders",2020,covid_peak,106085.0,80144.0,8087.0,2.21254167389335,102.181896349566,19140.0,71819.0,24057.0,26494.0,0.7554696705472027,0.24974313050855446,0.41744767291888296
"G50-G73,  G90-G99",Other diseases & disorders of the nervous syst.,2020,covid_peak,41292.0,7575.0,1899.0,2.30809665112336,121.986635737285,747.0,22689.0,12229.0,8660.0,0.18344957861086894,0.2097258548871452,0.08880198684106977
"G50-G73,  G90-G99",Other diseases & disorders of the nervous syst.,2020,covid_peak,27645.0,2437.0,18826.0,10.2738877416933,65.9349228611501,181.0,13057.0,12219.0,5133.0,0.08815337312353047,0.18567552902875747,0.1681622156965203
"G50-G73,  G90-G99",Other diseases & disorders of the nervous syst.,2020,covid_peak,6696.0,1266.0,3406.0,11.0672023374726,92.1423982869379,1032.0,3927.0,1988.0,1257.0,0.18906810035842295,0.18772401433691757,0.3928040378197283
G80-G83,Cerebral palsy & other paralytic syndromes,2020,covid_peak,10356.0,3913.0,3089.0,14.0806393678161,104.159486016629,2642.0,5941.0,2133.0,2016.0,0.37784859018926226,0.19466975666280417,1.0357111880968484
G90-G99,Other diseases & disorders of the nervous syst.,2020,covid_peak,20304.0,12052.0,2407.0,8.88718792866941,73.2240896358543,2578.0,16117.0,6777.0,4437.0,0.5935776201733649,0.21852836879432624,1.152788687651326
"H00-H06, H15-H22, H30-H36, H43-H59",Other disorders of the eye etc,2020,covid_peak,25824.0,3702.0,1182.0,1.88445696943421,129.595392331,2726.0,7659.0,7429.0,8740.0,0.1433550185873606,0.3384448574969021,0.09142964762678199
H10-H13,Disorders of conjunctiva (including conjunctivitis),2020,covid_peak,2870.0,987.0,75.0,1.06929824561404,129.228589032656,487.0,1200.0,676.0,660.0,0.3439024390243902,0.22996515679442509,0.08456607014263837
H15-H22,"Disorders of sclera, cornea, iris and ciliary body",2020,covid_peak,9283.0,1277.0,1021.0,3.21030042918455,104.192075656286,504.0,5368.0,1797.0,1889.0,0.1375632877302596,0.2034902509964451,0.08986525916394332
H25-H28,Disorders of lens (including cataracts),2020,covid_peak,259428.0,414.0,26789.0,1.29204892966361,115.926069161259,284.0,21919.0,98416.0,139047.0,0.0015958184929922754,0.535975299505065,0.0011051143792859056
H30-H36,Disorders of choroid and retina,2020,covid_peak,111074.0,5802.0,61924.0,0.717552456338736,53.4648386085867,715.0,20488.0,33370.0,56793.0,0.05223544663917749,0.5113077767974503,0.019164670914721738
H40-H42,Glaucoma,2020,covid_peak,17087.0,797.0,459.0,1.33739255014327,68.7417159356524,139.0,3942.0,6506.0,6602.0,0.04664364721718265,0.3863756071867502,0.02410244509340948
H43-H45,Disorders of vitreous body and globe,2020,covid_peak,5041.0,939.0,226.0,1.95176848874598,49.3455684870188,86.0,2036.0,1831.0,1234.0,0.1862725649672684,0.24479269986113866,0.08899705981240182
H46-H48,Disorders of optic nerve and visual pathways,2020,covid_peak,3260.0,2149.0,416.0,1.76923076923077,34.304347826087,695.0,2623.0,348.0,172.0,0.65920245398773,0.05276073619631902,0.061533858140053355
H49-H52,"Disorders of ocular muscles, binocular movement, accommodation and",2020,covid_peak,6798.0,1473.0,444.0,1.85935984481086,186.33691128149,2973.0,2691.0,1170.0,680.0,0.21668137687555164,0.10002942041776994,0.04030071828050836
H53-H54,Visual disturbances and blindness,2020,covid_peak,6791.0,5801.0,227.0,1.18284844384303,64.4431818181818,513.0,3495.0,2048.0,2161.0,0.8542188190251804,0.31821528493594464,0.321528351803442
H55-H59,Other disorders of eye and adnexa,2020,covid_peak,4887.0,1660.0,1160.0,0.819902650081125,66.1206703910615,634.0,1537.0,1423.0,1464.0,0.3396766932678535,0.2995702885205648,0.08343087086481275
H60-H95,Diseases of the ear and mastoid process,2020,covid_peak,8481.0,6278.0,337.0,2.27157926013965,106.368596141051,986.0,4983.0,1540.0,1668.0,0.7402428958849192,0.19667492041032897,0.33071289275747806
H60-H95,Diseases of the ear and mastoid process,2020,covid_peak,14260.0,4081.0,362.0,1.30314144474565,190.693094072866,6642.0,6010.0,1378.0,718.0,0.2861851332398317,0.050350631136044884,0.01877774967323452
H60-H95,Diseases of the ear and mastoid process,2020,covid_peak,10959.0,10201.0,126.0,1.78621750749049,174.09437751004,121.0,5162.0,4754.0,5783.0,0.9308331052103294,0.5276941326763391,0.8773814088913722
H60-H95,Diseases of the ear and mastoid process,2020,covid_peak,5448.0,2200.0,408.0,0.915139826422372,154.20170109356,1720.0,2492.0,882.0,594.0,0.40381791483113066,0.10903083700440529,0.040292330167396154
I00-I09,Rheumatic heart disease,2020,covid_peak,54.0,33.0,7.0,9.06521739130435,29.2,30.0,41.0,19.0,3.0,0.6111111111111112,0.05555555555555555,0.30776972624798715
I00-I09,Rheumatic heart disease,2020,covid_peak,8085.0,1813.0,461.0,10.5202160268574,77.8527655154505,68.0,1883.0,3606.0,7026.0,0.22424242424242424,0.8690166975881262,2.0500788206921934
I10-I15,Hypertensive diseases,2020,covid_peak,26445.0,23990.0,733.0,1.81228841028596,59.4977497749775,414.0,14434.0,9090.0,11755.0,0.907165815844205,0.44450746833049726,0.7307907671790703
I20-I25,Ischaemic heart diseases,2020,covid_peak,205029.0,129085.0,3904.0,4.17142675988956,70.2291654268087,95.0,82961.0,126886.0,110796.0,0.6295938623316701,0.5403918470070088,1.419233639634364
I26-I28,Pulmonary heart disease & diseases of pulmonary circulation,2020,covid_peak,39462.0,34607.0,2213.0,4.83568571559928,47.9142634450507,318.0,23688.0,23874.0,25001.0,0.8769702498606254,0.6335461963407836,2.686712622495672
I30-I52,Other forms of heart disease,2020,covid_peak,270430.0,185716.0,12377.0,5.56097240580948,88.1236656666434,2966.0,79744.0,130482.0,247659.0,0.6867433346891987,0.9157970639352143,3.4973930275545344
I60-I69,Cerebrovascular diseases,2020,covid_peak,110123.0,94710.0,2226.0,12.3634538971794,38.9609882964889,672.0,38462.0,60215.0,111209.0,0.8600383207867566,1.0098617000989802,10.73790402119264
I70-I79,"Diseases of arteries, arterioles & capillaries",2020,covid_peak,48595.0,21243.0,5586.0,7.82210278270539,51.7489238785682,372.0,15009.0,24815.0,24783.0,0.43714373906780535,0.509990739788044,1.7438537972665789
I80-I89,Diseases of veins & lymphatic system nec.,2020,covid_peak,88321.0,64421.0,4109.0,3.25688669611003,125.880377688844,2899.0,36337.0,31144.0,53724.0,0.7293961798439782,0.6082811562369086,1.4450088180220055
I95-I99,Other & unspecified disorders of the circulatory system,2020,covid_peak,3427.0,1192.0,721.0,6.62163852407755,80.7255611875453,16.0,2747.0,1802.0,716.0,0.34782608695652173,0.2089290925007295,0.4812010183316147
J00-J06,Acute upper respiratory infections,2020,covid_peak,50735.0,42419.0,366.0,0.786309316120028,168.996601413812,34812.0,16405.0,1644.0,1072.0,0.8360894845767222,0.021129397851581747,0.013890993343700033
J09-J18,Influenza & pneumonia,2020,covid_peak,140802.0,137083.0,882.0,8.12058854888581,26.0348058902276,2794.0,43743.0,77782.0,188131.0,0.9735870229116064,1.3361386912117725,10.563645611683379
J20-J22,Other acute lower respiratory infections,2020,covid_peak,55596.0,53819.0,550.0,3.71369085597233,24.5210843373494,16058.0,16447.0,15488.0,39561.0,0.9680372688682639,0.7115799697819987,2.558123696471213
J30-J39,Other diseases of upper respiratory tract,2020,covid_peak,43219.0,9108.0,3441.0,1.99836839345027,135.123068157539,6826.0,27805.0,7524.0,3087.0,0.21074064647493002,0.07142691871630533,0.030080550204602357
J40-J47,Chronic lower respiratory diseases,2020,covid_peak,124263.0,110896.0,7159.0,4.01310779203155,37.5189082538639,10629.0,54876.0,72391.0,76244.0,0.8924297658997449,0.6135696063993304,2.19744852539468
J60-J70,Lung diseases due to external agents,2020,covid_peak,20712.0,19912.0,285.0,11.2931478814523,29.2080924855491,538.0,8774.0,12653.0,31260.0,0.9613750482811897,1.5092699884125145,16.386069690829213
J80-J99,Other diseases of the respiratory system,2020,covid_peak,12755.0,6697.0,2982.0,6.53088117337,26.5999025341131,223.0,5838.0,6345.0,8058.0,0.5250490003920031,0.6317522540180321,2.166299094213788
J80-J99,Other diseases of the respiratory system,2020,covid_peak,3428.0,2180.0,363.0,13.6758903407635,19.8739726027397,133.0,3378.0,2795.0,2207.0,0.6359393232205367,0.6438156359393232,5.599288051391399
J80-J99,Other diseases of the respiratory system,2020,covid_peak,29797.0,19832.0,2583.0,5.44449067909454,14.7355780550977,249.0,14184.0,14874.0,20336.0,0.6655703594321576,0.6824848139074403,2.4731144997119925
J80-J99,Other diseases of the respiratory system,2020,covid_peak,18801.0,11527.0,2183.0,7.45092044493593,23.7931225734886,1523.0,8668.0,11549.0,10177.0,0.613105685867773,0.5413009946279453,2.4727721183165947
K00-K14,"Diseases of oral cavity, salivary glands & jaws",2020,covid_peak,107306.0,17540.0,5990.0,1.68168592567961,126.879523629807,24590.0,63337.0,14707.0,7343.0,0.16345777496132555,0.06843046987120943,0.018810485047888965
K20-K31,"Diseases of oesophagus, stomach & duodenum",2020,covid_peak,290099.0,63069.0,29288.0,3.2985500494963,55.8702449893436,10475.0,146317.0,105026.0,74376.0,0.2174050927442011,0.25638144219731884,0.18385666476562923
K35-K38,Diseases of appendix,2020,covid_peak,46691.0,44326.0,544.0,2.99761257923767,72.2100591715976,10331.0,39976.0,5797.0,2727.0,0.9493478400548285,0.05840526011436894,0.16620834751398791
K40-K46,Hernia,2020,covid_peak,112610.0,29401.0,3060.0,2.81247841105354,106.137162544075,6048.0,51331.0,37443.0,27861.0,0.2610869372169434,0.24741141994494273,0.1816745456906924
K50-K52,Noninfective enteritis & colitis,2020,covid_peak,259058.0,25111.0,110491.0,5.45975789301489,46.0265356763053,10135.0,207521.0,46767.0,19226.0,0.09693196118243791,0.07421504064726818,0.03927645786637554
K55-K63,Other diseases of intestines,2020,covid_peak,438506.0,153451.0,27960.0,4.23515408829691,56.3736382753665,15754.0,206901.0,152432.0,130780.0,0.34994047971977577,0.2982399328629483,0.4420070452412566
K65-K67,Diseases of peritoneum,2020,covid_peak,6902.0,4814.0,369.0,8.02992633517495,97.2837632776935,260.0,5387.0,3435.0,2403.0,0.6974789915966386,0.34815995363662705,1.94994116627297
K70-K77,Diseases of liver,2020,covid_peak,47994.0,27623.0,7316.0,9.03649828789849,39.9178099276628,692.0,51046.0,30002.0,9942.0,0.5755511105554861,0.20715089386173272,1.0773848853412833
K80-K87,"Disorders of gall bladder, biliary tract & pancreas",2020,covid_peak,179679.0,115141.0,5885.0,4.80348453191346,94.7575095259279,1045.0,125780.0,65709.0,62597.0,0.6408150089882513,0.3483823930453754,1.072371515489926
K90-K93,Other diseases of the digestive system,2020,covid_peak,103887.0,57572.0,3399.0,4.06581303239108,44.039406282016,5545.0,57218.0,32356.0,44448.0,0.5541790599401273,0.42784949031158853,0.9640255274195751
L00-L14  L55-L99,Other infections and disorders of the skin,2020,covid_peak,131555.0,112587.0,6736.0,3.38531608820459,77.4426201175251,7565.0,86417.0,36222.0,51654.0,0.8558169586864809,0.392641860818669,1.1375662863416667
L00-L14  L55-L99,Other infections and disorders of the skin,2020,covid_peak,1584.0,603.0,575.0,11.1373056994819,35.3333333333333,41.0,465.0,804.0,1119.0,0.3806818181818182,0.7064393939393939,2.9951403961750187
L20-L30,Dermatitis and eczema,2020,covid_peak,10482.0,7026.0,1017.0,1.79612403100775,49.4203703703704,3913.0,4388.0,2023.0,2091.0,0.6702919290211792,0.1994848311390956,0.2401652623724443
L40-L45,Papulosquamous disorders (including Psoriasis),2020,covid_peak,6854.0,948.0,3187.0,4.00077519379845,53.6027607361963,229.0,4471.0,2052.0,690.0,0.1383133936387511,0.10067114093959731,0.055707462507382115
L50-L54,Urticaria and erythems,2020,covid_peak,8246.0,4396.0,2372.0,1.5385587863464,33.0483135824977,2136.0,5164.0,1222.0,722.0,0.533106960950764,0.08755760368663594,0.07181618238631926
L55-L59,Radiation-related disorders of the skin and subcutaneous tissue,2020,covid_peak,10258.0,289.0,268.0,1.46046511627907,48.691356466877,123.0,1664.0,3377.0,5114.0,0.028173133164359525,0.4985377266523689,0.020512772580355155
L60-L75,Disorders of skin appendages,2020,covid_peak,26373.0,11111.0,1095.0,0.535677597787436,113.785880205741,1475.0,18311.0,5117.0,2253.0,0.4213020892579532,0.08542827892162438,0.019279632627518226
L80-L99,Other disorders of the skin and subcutaneous tissue,2020,covid_peak,59540.0,14623.0,2753.0,8.72590412587017,56.3983932090344,2612.0,22943.0,19703.0,27484.0,0.2455995969096406,0.4616056432650319,0.9892571461712465
M00-M25,Arthropathies,2020,covid_peak,277064.0,63759.0,44483.0,3.01994115498839,166.376218668883,11254.0,113557.0,95271.0,85852.0,0.2301237259261398,0.3098634250570265,0.21534272016823894
M30-M36,Systemic connective tissue disorders,2020,covid_peak,23673.0,4369.0,11875.0,5.39367774037758,49.9625882802061,1987.0,14592.0,6425.0,4067.0,0.18455624551176444,0.17179909601655896,0.17101516184034862
M40-M54,Dorsopathies,2020,covid_peak,168849.0,76698.0,13625.0,3.24698758826014,178.612280136966,3103.0,99738.0,49699.0,44565.0,0.454240179094931,0.2639340475809747,0.3892795530041232
M60-M79,Soft tissue disorders,2020,covid_peak,145916.0,88444.0,7359.0,1.43914081145585,146.987194073931,5636.0,73177.0,42790.0,38898.0,0.6061295539899668,0.2665780311960306,0.23253755694721093
M80-M94,Osteopathies and chondropathies,2020,covid_peak,68087.0,21133.0,23610.0,7.35065869762493,92.1161461869201,3539.0,24005.0,25562.0,30361.0,0.3103823049921424,0.44591478549502844,1.0173609997222866
M95-M99,Other disorders of the musculoskeletal system & conn. tiss.,2020,covid_peak,8151.0,5850.0,281.0,14.0397647717726,173.495804195804,59.0,1555.0,2312.0,8263.0,0.7177033492822966,1.0137406453195927,10.21484224871199
"N00-N08, N10-N16",Diseases of the kidney,2020,covid_peak,7727.0,2718.0,2144.0,5.00972485768501,47.8273009307135,2125.0,4131.0,1898.0,1477.0,0.3517535913032225,0.19114792286786592,0.3368387116428836
N10-N16,Renal tubulo-interstitial diseases,2020,covid_peak,67467.0,48812.0,5472.0,3.2898767577308,69.6993020365236,3665.0,51693.0,22138.0,17817.0,0.7234944491380971,0.26408466361332206,0.628576316131152
N17-N19,Renal failure,2020,covid_peak,85272.0,55562.0,11767.0,7.16879318705298,48.9173525377229,4376.0,33849.0,41277.0,66946.0,0.6515855145886106,0.7850877192982456,3.6672089552630625
N20-N23,Urolithiasis,2020,covid_peak,66041.0,27805.0,6236.0,1.25923254472014,78.1291742256266,495.0,46617.0,17841.0,7484.0,0.421026332127012,0.11332354143638043,0.060080748717237106
N25-N29,Other disorders of kidney & ureter,2020,covid_peak,5178.0,1755.0,613.0,3.28371954842543,45.6372838464783,439.0,2420.0,1950.0,1481.0,0.3389339513325608,0.2860177674777907,0.318327490466011
N30-N39,Other diseases of the urinary system,2020,covid_peak,179604.0,122236.0,10546.0,5.06020221211916,101.795877788555,16140.0,57736.0,58221.0,144538.0,0.6805861784815483,0.8047593594797443,2.7715137243668124
N60-N64,Disorders of breast,2020,covid_peak,12050.0,5570.0,336.0,0.919946729801716,48.0942132950741,312.0,10025.0,1755.0,636.0,0.46224066390041496,0.052780082987551866,0.02244403291442761
N99-N99,Other disorders of the genitourinary system,2020,covid_peak,3041.0,1751.0,168.0,2.76942783945346,107.092592592593,152.0,1178.0,1123.0,1017.0,0.5757974350542585,0.3344294639921079,0.5332910710674407
O10-O16,"Oedema, proteinuria and hypertensive disorders in pregnancy, childbirth and the puerperium",2020,covid_peak,34682.0,832.0,94.0,2.14905512040299,12.7428571428571,8.0,34768.0,0.0,0.0,0.023989389308575054,0.0,0.0
O60-O75,Complications of labour and delivery,2020,covid_peak,312622.0,3582.0,622.0,2.28936175555674,18.875,35.0,318832.0,0.0,1.0,0.011457926825367377,3.1987512075285807e-06,8.390752881103608e-08
O80-O84,Delivery,2020,covid_peak,24449.0,247.0,190.0,0.998332791151594,18.5714285714286,3.0,24380.0,0.0,0.0,0.010102662685590413,0.0,0.0
O85-O92,Complications predominantly related to the puerperium,2020,covid_peak,23676.0,3232.0,92.0,1.17468333471314,35.0921052631579,1.0,24692.0,0.0,0.0,0.13650954553133976,0.0,0.0
P00-P04,Complications of fetus/neonate affected by maternal,2020,covid_peak,243.0,1.0,0.0,0.471074380165289,,245.0,0.0,0.0,0.0,0.00411522633744856,0.0,0.0
P05-P96,Other conditions originating in the perinatal period,2020,covid_peak,56702.0,1167.0,67.0,8.77286626739284,28.4,65715.0,1.0,0.0,0.0,0.02058128461077211,0.0,0.0
P05-P96,Other conditions originating in the perinatal period,2020,covid_peak,9009.0,550.0,34.0,1.48579703687201,128.294117647059,9467.0,17.0,0.0,0.0,0.06105006105006105,0.0,0.0
P05-P96,Other conditions originating in the perinatal period,2020,covid_peak,59426.0,4123.0,213.0,4.76197164032624,35.87,70898.0,0.0,0.0,0.0,0.06938040588294686,0.0,0.0
P05-P96,Other conditions originating in the perinatal period,2020,covid_peak,14704.0,4533.0,155.0,4.30917664577775,11.2380952380952,18211.0,0.0,0.0,0.0,0.3082834602829162,0.0,0.0
P05-P96,Other conditions originating in the perinatal period,2020,covid_peak,45525.0,19766.0,1634.0,2.48871834228703,10.1292613636364,50913.0,19.0,0.0,0.0,0.4341790225151016,0.0,0.0
P05-P96,Other conditions originating in the perinatal period,2020,covid_peak,6586.0,622.0,34.0,3.43891273247496,4.5,8164.0,0.0,0.0,0.0,0.09444275736410568,0.0,0.0
P05-P96,Other conditions originating in the perinatal period,2020,covid_peak,4795.0,3881.0,40.0,4.81924787707238,26.2857142857143,5628.0,7.0,0.0,0.0,0.8093847758081335,0.0,0.0
P05-P96,Other conditions originating in the perinatal period,2020,covid_peak,10348.0,1677.0,34.0,1.74593301435407,168.214814814815,11218.0,4.0,0.0,0.0,0.1620603015075377,0.0,0.0
P05-P96,Other conditions originating in the perinatal period,2020,covid_peak,21114.0,9191.0,191.0,2.68036466923218,28.65,23913.0,3.0,0.0,0.0,0.4353035900350478,0.0,0.0
Q00-Q89,Congenital malformations,2020,covid_peak,3216.0,607.0,597.0,5.65587815326035,70.5198752922837,2702.0,971.0,98.0,18.0,0.18874378109452736,0.005597014925373134,0.00597487963464342
Q00-Q89,Congenital malformations,2020,covid_peak,3309.0,303.0,226.0,1.37653814602133,131.371887550201,2000.0,1113.0,158.0,84.0,0.09156844968268359,0.025385312783318223,0.0031997542981749448
Q00-Q89,Congenital malformations,2020,covid_peak,15359.0,1973.0,2299.0,7.67932367149758,87.2252014264958,14335.0,5008.0,1024.0,289.0,0.12845888404192982,0.018816329188098183,0.01856188253608929
Q00-Q89,Congenital malformations,2020,covid_peak,2685.0,1066.0,316.0,5.54253472222222,75.5267015706806,2916.0,191.0,52.0,21.0,0.3970204841713222,0.00782122905027933,0.017210613109129847
Q00-Q89,Congenital malformations,2020,covid_peak,1841.0,49.0,739.0,2.24438202247191,171.229437229437,1836.0,108.0,3.0,2.0,0.026615969581749048,0.0010863661053775121,6.489560417157714e-05
Q00-Q89,Congenital malformations,2020,covid_peak,9051.0,2204.0,655.0,5.56894339084557,94.5113431760893,8539.0,1162.0,539.0,557.0,0.2435090045298862,0.06154016130814274,0.08345386573783761
Q00-Q89,Congenital malformations,2020,covid_peak,8654.0,1809.0,751.0,1.05065805810777,180.378589007383,7432.0,1312.0,79.0,67.0,0.20903628379939912,0.00774208458516293,0.001700360405907057
Q00-Q89,Congenital malformations,2020,covid_peak,4017.0,526.0,804.0,3.5011013215859,81.57937088515,3384.0,822.0,261.0,87.0,0.13094349016679113,0.021657953696788648,0.009929011477075922
Q00-Q89,Congenital malformations,2020,covid_peak,11738.0,855.0,2613.0,4.16203200248563,131.65369510889,10184.0,2181.0,142.0,32.0,0.07284034758902709,0.0027261884477764527,0.0008264818067478828
Q00-Q89,Congenital malformations,2020,covid_peak,4587.0,571.0,1327.0,4.05959643359925,96.9553805774278,3069.0,1540.0,194.0,73.0,0.12448223239590146,0.01591454109439721,0.00804237557176888
Q90-Q99,Chromosomal abnormalities nec.,2020,covid_peak,1039.0,126.0,265.0,7.84589614740369,72.5431654676259,866.0,278.0,13.0,1.0,0.12127045235803657,0.0009624639076034649,0.0009157607073626776
R00-R09,Symptoms & signs inv. the circulatory/respiratory system,2020,covid_peak,374061.0,339836.0,4763.0,0.692108516110983,67.5993349545883,19558.0,208854.0,106969.0,101748.0,0.9085042279200451,0.27200911081347695,0.17103484428333765
R10-R19,Symptoms & signs inv. the digestive system & abdomen,2020,covid_peak,401736.0,251398.0,10764.0,1.12669347503471,46.8791218472924,29375.0,272901.0,84693.0,59409.0,0.6257791186251668,0.14788069777167095,0.1042649495874504
R20-R23,Symptoms & signs inv. the skin & subcutaneous tissue,2020,covid_peak,31132.0,26720.0,1086.0,0.685680311328913,48.1808857808858,10028.0,14623.0,5439.0,4191.0,0.8582808685596813,0.1346203263523063,0.07922490924580766
R25-R29,Symptoms & signs inv. the nervous & musculoskeletal sys.,2020,covid_peak,102021.0,92325.0,2192.0,6.16380000608131,75.7287933094385,8128.0,13124.0,26341.0,124907.0,0.9049607433763637,1.2243263641799238,6.829288829912647
R30-R39,Symptoms & signs involving the urinary system,2020,covid_peak,74093.0,42883.0,5635.0,2.09149604593219,57.1458120644503,3789.0,19985.0,23384.0,37856.0,0.5787726235946715,0.5109254585453417,0.6184756015825953
R40-R46,Symptoms & signs inv. Cognition perception etc.,2020,covid_peak,73296.0,69656.0,1196.0,2.63790468038275,55.0086083213773,5877.0,29457.0,21135.0,44028.0,0.9503383540711635,0.6006876227897839,1.505864998232495
R47-R49,Symptoms & signs inv. speech & voice,2020,covid_peak,7028.0,6142.0,108.0,2.22748179379072,51.4492063492063,171.0,2334.0,2381.0,4348.0,0.8739328400682982,0.6186681844052362,1.2043424791687665
R50-R68,General symptoms & signs,2020,covid_peak,396040.0,247805.0,29063.0,5.63015341232899,47.1437940793316,54723.0,192774.0,95933.0,142289.0,0.6257069992930007,0.3592793657206343,1.2656788335254756
R70-R89,Abnormal findings of bodily fluids or samples without diag.,2020,covid_peak,20843.0,7429.0,3471.0,1.64697098976109,33.5858144766442,2136.0,7416.0,8071.0,5418.0,0.35642661804922515,0.2599433862687713,0.1525930843395503
R70-R89,Abnormal findings of bodily fluids or samples without diag.,2020,covid_peak,898.0,447.0,115.0,0.813531353135314,32.2899159663866,267.0,421.0,170.0,128.0,0.4977728285077951,0.14253897550111358,0.05772170016640558
R70-R89,Abnormal findings of bodily fluids or samples without diag.,2020,covid_peak,1491.0,106.0,125.0,1.4957507082153,47.1852517985612,55.0,1051.0,308.0,94.0,0.07109322602280349,0.06304493628437291,0.0067040562429606715
R90-R94,Abnormal findings on diagnostic imaging/function studies,2020,covid_peak,34656.0,9859.0,3118.0,2.22881355932203,32.0053537284895,1290.0,14599.0,13163.0,10444.0,0.2844817636195753,0.3013619575253924,0.19108060208736
R95-R99,Ill-defined & unknown causes of mortality,2020,covid_peak,3.0,3.0,0.0,0.0,,3.0,0.0,0.0,0.0,1.0,0.0,0.0
S00-S09,Injuries to the head,2020,covid_peak,143555.0,134613.0,1419.0,3.45729490089502,26.7238372093023,21960.0,47020.0,25342.0,90608.0,0.9377102852565219,0.6311727212566612,2.0462247153816957
S10-S19,Injuries to the neck,2020,covid_peak,8608.0,7870.0,67.0,11.4349895518923,41.2457627118644,403.0,4412.0,2188.0,5458.0,0.9142657992565055,0.6340613382899628,6.628870261108038
S20-S29,Injuries to the thorax,2020,covid_peak,27156.0,26110.0,149.0,6.33253977251256,34.1524390243902,449.0,12071.0,8873.0,19364.0,0.9614818088083664,0.7130652526145235,4.341584638202107
S30-S39,"Injuries to abdomen, lower back, lumbar spine & pelvis",2020,covid_peak,36357.0,34052.0,327.0,7.12327667349538,64.0677290836653,2454.0,14910.0,8663.0,31095.0,0.9366009296696647,0.8552685865170394,5.706067679211317
S40-S49,Injuries to the shoulder & upper arm,2020,covid_peak,40959.0,33029.0,1757.0,4.07387430902163,24.7812412243752,5446.0,15638.0,9352.0,23704.0,0.8063917576112698,0.5787250665299446,1.9011920920798833
S50-S59,Injuries to the elbow & forearm,2020,covid_peak,58043.0,42710.0,3791.0,1.85534578330504,6.54322789943228,12695.0,24972.0,11413.0,17592.0,0.7358337784056648,0.3030856434023052,0.4137804302953914
S60-S69,Injuries to the wrist & hand,2020,covid_peak,69554.0,43216.0,3959.0,0.770135823070911,8.18032087386926,7887.0,49702.0,8324.0,6901.0,0.6213301894930557,0.0992178738821635,0.0474766095858866
S70-S79,Injuries to the hip & thigh,2020,covid_peak,82624.0,76930.0,815.0,12.5961645392875,31.0709219858156,2570.0,10943.0,20205.0,91958.0,0.9310853989155693,1.112969597211464,13.053024169766063
S80-S89,Injuries to the knee & lower leg,2020,covid_peak,64750.0,53690.0,2044.0,4.94124163015624,58.5502655538695,4880.0,38351.0,15376.0,23498.0,0.8291891891891892,0.3629034749034749,1.4868968781899694
S90-S99,Injuries to the ankle & foot,2020,covid_peak,15350.0,12794.0,604.0,2.22128174123337,23.7649122807018,2076.0,9512.0,2652.0,3821.0,0.8334853420195439,0.24892508143322475,0.46086133251465855
T00-T07,Injuries involving multiple body regions,2020,covid_peak,3939.0,3567.0,81.0,4.59750692520776,7.36283185840708,534.0,2153.0,745.0,1583.0,0.9055597867479056,0.4018786494034019,1.6731483700375935
T08-T14,Injuries to unspecified part of trunk limb or body,2020,covid_peak,1181.0,1078.0,24.0,2.94312796208531,19.5925925925926,143.0,474.0,169.0,646.0,0.9127857747671465,0.5469940728196444,1.46946967635363
T15-T19,Effects of foreign body entering through natural orifice,2020,covid_peak,17441.0,14804.0,349.0,1.03546057305233,29.5436046511628,6676.0,10342.0,2407.0,2228.0,0.8488045410240238,0.12774496875179175,0.11227551757518324
T20-T32,Burns and corrosions,2020,covid_peak,10395.0,8718.0,505.0,3.5797768907993,5.04571428571429,4660.0,4666.0,1081.0,1240.0,0.8386724386724387,0.11928811928811929,0.3581339746501455
T33-T35,Frostbite,2020,covid_peak,34.0,31.0,0.0,5.76470588235294,3.5,1.0,45.0,1.0,4.0,0.9117647058823529,0.11764705882352941,0.6183594545084469
T36-T50,Poisonings by drugs medicaments & biological substances,2020,covid_peak,107861.0,107506.0,65.0,1.46053818528416,23.1304347826087,9250.0,115420.0,9901.0,7339.0,0.9967087269726778,0.06804127534512011,0.09904980436960924
T51-T65,Tox. effcts. of substnces. chiefly non-medicinal as to source,2020,covid_peak,6774.0,6016.0,703.0,1.58366188298376,93.5714285714286,1899.0,4633.0,1010.0,793.0,0.8881015648066135,0.11706524948331858,0.1646467240843158
T66-T78,Other and unspecified effects of external causes,2020,covid_peak,16567.0,13637.0,2145.0,1.18390963897166,52.936170212766,4973.0,9883.0,2177.0,2038.0,0.8231423915011771,0.12301563348825979,0.1198819592640516
T79-T79,Certain early complications of trauma,2020,covid_peak,2864.0,2690.0,30.0,8.69688269073011,50.953125,53.0,1347.0,950.0,2941.0,0.9392458100558659,1.026885474860335,8.388124914946157
T80-T88,Complications of surgical & medical care nec.,2020,covid_peak,158013.0,100203.0,11791.0,4.81913717235962,84.48240171634,10884.0,78038.0,55354.0,59954.0,0.6341440261244328,0.37942447773284477,1.1595314669762111
T90-T98,Sequelae of injuries of poisoning & other consequences,2020,covid_peak,1.0,0.0,0.0,28.0,,0.0,0.0,0.0,1.0,0.0,1.0,0.0
U00-U49,Provisional assignment of new diseases of uncertain etiology,2020,covid_peak,253696.0,245525.0,1179.0,10.6133469717717,32.1115973741794,3984.0,167624.0,157522.0,242763.0,0.9677921606962664,0.9569051147830474,9.82886428128068
Z00-Z13,Examination and investigation,2020,covid_peak,157097.0,22890.0,50969.0,1.43831069035471,96.1957240467269,42436.0,53193.0,43979.0,27877.0,0.1457061560691802,0.17745087430059137,0.03718850783336075
Z20-Z29,Potential health hazards related to communicable diseases,2020,covid_peak,12656.0,257.0,6021.0,1.3921139101862,36.6153621495327,2027.0,4202.0,4133.0,2853.0,0.020306573957016436,0.22542667509481668,0.006372601122196227
Z30-Z39,Health services in circumstances related to reproduction,2020,covid_peak,482296.0,5323.0,2097.0,0.929312929351753,133.180439727066,375679.0,107307.0,61.0,2.0,0.01103679068455886,4.1468309917561e-06,4.253252061683918e-08
Z40-Z54,Persons encountering health services for specific care,2020,covid_peak,78796.0,9555.0,19700.0,2.86182370334852,76.0653473405744,7386.0,33738.0,21951.0,17436.0,0.12126250063454998,0.22128026803391035,0.07679131154809962
Z55-Z65,Potential health hazards reltd. to socioeconomic & psychosoc.l,2020,covid_peak,678.0,592.0,24.0,6.33107191316147,13.0,469.0,177.0,60.0,196.0,0.8731563421828908,0.2890855457227139,1.5980694046952943
Z70-Z76,Persons encountering health services in other circs.,2020,covid_peak,12871.0,5540.0,3144.0,3.01801120024217,51.4180138568129,6288.0,5141.0,1104.0,3261.0,0.4304249864035429,0.2533602672675006,0.32912193680953716
Z80-Z99,Persons with potential health hazards related to family,2020,covid_peak,7245.0,144.0,5445.0,5.25490196078431,22.4734239802225,1443.0,2389.0,2414.0,1008.0,0.01987577639751553,0.1391304347826087,0.014531513928822938
A00-A09,Intestinal infectious diseases,2021,covid_peak,128603.0,100034.0,2670.0,3.26255357226958,36.9689674307423,33274.0,64238.0,33786.0,45035.0,0.7778512165346065,0.3501862320474639,0.8886960590207603
A15-A19,Tuberculosis,2021,covid_peak,2124.0,1366.0,156.0,17.8082069580731,14.6328502415459,156.0,3498.0,690.0,436.0,0.6431261770244822,0.20527306967984935,2.3509768787308674
A20-A49,Certain bacterial diseases,2021,covid_peak,114.0,99.0,5.0,7.64661654135338,29.4,15.0,148.0,59.0,13.0,0.868421052631579,0.11403508771929824,0.7572480369899814
A20-A49,Certain bacterial diseases,2021,covid_peak,115254.0,110063.0,2143.0,10.6281191619963,63.3491879350348,8396.0,44382.0,68568.0,126482.0,0.9549603484477762,1.097419612334496,11.13818614599213
A50-A64,Infections with predominantly sexual mode of transmission,2021,covid_peak,2068.0,725.0,295.0,3.13521695257316,91.1753393665158,1.0,6.0,0.0,0.0,0.3505802707930368,0.0,0.0
A65-A79,Other infectious and parasitic disorders,2021,covid_peak,388.0,191.0,58.0,3.1528384279476,37.0365853658537,71.0,283.0,40.0,44.0,0.49226804123711343,0.1134020618556701,0.17600471721537647
A65-A79,Other infectious and parasitic disorders,2021,covid_peak,47.0,42.0,1.0,2.08163265306122,164.0,0.0,10.0,0.0,0.0,0.8936170212765957,0.0,0.0
A65-A79,Other infectious and parasitic disorders,2021,covid_peak,8.0,7.0,1.0,7.58333333333333,,0.0,17.0,4.0,4.0,0.875,0.5,3.317708333333332
A90-A99,Arthropod-borne viral fevers & viral haemorrhagic fevers,2021,covid_peak,71.0,60.0,5.0,4.20779220779221,61.0,6.0,101.0,4.0,3.0,0.8450704225352113,0.04225352112676056,0.15024848192870416
B00-B09,Viral infections characterized by skin & mucous mem. lesns.,2021,covid_peak,12609.0,9212.0,336.0,3.965848452508,54.0575421290588,5944.0,3945.0,2550.0,3415.0,0.7305892616385121,0.27083829011023874,0.7847285660662789
B15-B19,Viral hepatitis,2021,covid_peak,1834.0,1358.0,131.0,4.62268518518519,32.9045226130653,188.0,1708.0,525.0,244.0,0.7404580152671756,0.13304252998909488,0.4553918476402602
B20-B24,Human immunodeficiency virus [HIV] disease,2021,covid_peak,1463.0,643.0,281.0,17.8003646308113,34.2323232323232,0.0,0.0,0.0,0.0,0.4395078605604921,0.0,0.0
B25-B34,Other viral diseases,2021,covid_peak,98606.0,96977.0,632.0,0.920486992385787,27.025,91568.0,11741.0,1585.0,1167.0,0.983479707117214,0.011834979615844878,0.01071397363293107
B35-B49,Mycoses,2021,covid_peak,8128.0,3096.0,1180.0,6.67353014140412,30.0002995805872,1209.0,3780.0,2812.0,2294.0,0.3809055118110236,0.28223425196850394,0.7174350696284966
B50-B64,Protozoal diseases,2021,covid_peak,1489.0,1285.0,62.0,7.26230492196879,30.6896551724138,128.0,1564.0,589.0,294.0,0.8629952988582942,0.1974479516453996,1.2374724593157473
B65-B83,Helminthiases,2021,covid_peak,627.0,236.0,27.0,3.38343558282209,42.7423728813559,203.0,425.0,67.0,16.0,0.3763955342902711,0.025518341307814992,0.03249786396001366
B85-B99,Other infectious and parasitic diseases,2021,covid_peak,219.0,194.0,10.0,6.22831050228311,23.5454545454545,78.0,96.0,58.0,113.0,0.8858447488584474,0.5159817351598174,2.8468343618992584
B85-B99,Other infectious and parasitic diseases,2021,covid_peak,5.0,2.0,2.0,39.0,,0.0,6.0,1.0,3.0,0.4,0.6,9.360000000000001
B85-B99,Other infectious and parasitic diseases,2021,covid_peak,7835.0,7477.0,205.0,6.09795240730493,29.9375,275.0,2499.0,3598.0,8032.0,0.9543075941289088,1.0251435864709637,5.965640924152103
C00-C14,Malignant neoplasm of lip-oral cavity and pharynx,2021,covid_peak,25655.0,2539.0,9954.0,6.88037609383727,23.2129553920233,244.0,10592.0,13017.0,3900.0,0.09896706295069187,0.15201715065289417,0.10351313173309652
C15-C26,Malignant neoplasm of digestive organs,2021,covid_peak,287951.0,30000.0,144923.0,8.9463418984165,23.8935213348397,670.0,81282.0,157602.0,94169.0,0.10418439248344337,0.3270313351924459,0.3048158335404916
C30-C39,Malignant neoplasms of respiratory & intrathoracic organs,2021,covid_peak,107182.0,14595.0,55147.0,8.08020157944873,21.4639182675013,262.0,22967.0,65843.0,38345.0,0.1361702524677651,0.3577559664869101,0.3936328399372828
C40-C41,Malignant neoplasm of bone and articular cartilage,2021,covid_peak,7343.0,640.0,4344.0,6.97403894158762,31.3656126482213,2314.0,4108.0,932.0,433.0,0.08715783739615961,0.05896772436333923,0.03584306847941019
C43-C44,Malignant neoplasms of skin,2021,covid_peak,147371.0,1592.0,9773.0,3.46370683579986,57.8025584028162,69.0,23352.0,45193.0,79871.0,0.01080266809616546,0.5419723011990147,0.020279126814961666
C45-C49,Malignant neoplasms of mesothelial and soft tissue,2021,covid_peak,23470.0,2351.0,13296.0,6.79812272345195,26.0943747882074,2696.0,5881.0,9391.0,7904.0,0.10017043033659992,0.3367703451214316,0.22933079783380658
C50-C50,Malignant neoplasm of breast,2021,covid_peak,240790.0,4166.0,148648.0,2.67355615423472,27.840361226422,0.0,129641.0,83307.0,30548.0,0.017301382947796835,0.12686573362681175,0.005868329140077131
C51-C58,Malignant neoplasms of female genital organs,2021,covid_peak,71614.0,5181.0,37132.0,5.27467791481363,28.3112235837329,242.0,26013.0,32821.0,17264.0,0.07234618929259642,0.24107018180802636,0.09199306767644513
C60-C63,Malignant neoplasms of male genital organs,2021,covid_peak,80443.0,5071.0,31348.0,3.91669630156472,38.5059454294511,163.0,14413.0,43555.0,26365.0,0.06303842472309586,0.3277475976778589,0.08092165697970788
C64-C68,Malignant neoplasms of urinary tract,2021,covid_peak,92858.0,5966.0,37620.0,4.18751032545845,39.0852571009376,2575.0,15597.0,40063.0,41362.0,0.06424863770488272,0.4454328113894333,0.11984006040459332
C69-C72,"Malignant neoplasms of eye, brain & other parts of CNS",2021,covid_peak,21758.0,4742.0,10197.0,7.8527856135402,29.134731670446,10599.0,8414.0,5266.0,2663.0,0.21794282562735545,0.12239176394889237,0.20946839850697233
"C73-C80, C97",Malignant neoplsm. of thyroid and oth. endo. Glands etc,2021,covid_peak,10664.0,628.0,4424.0,3.47168394171549,41.2652667666595,2596.0,5521.0,2098.0,932.0,0.05888972243060765,0.08739684921230308,0.01786798025536406
"C73-C80, C97",Malignant neoplsm. of thyroid and oth. endo. Glands etc,2021,covid_peak,177117.0,30434.0,95324.0,7.29528617680953,32.3273512883045,1656.0,63290.0,89503.0,54796.0,0.17182992033514569,0.30937741718750883,0.3878195794858366
C81-C96,"Malignant neoplasms of lymphoid, haematopoietic & rel. tiss.",2021,covid_peak,386290.0,20188.0,267583.0,10.9191591362267,32.5578241571442,27535.0,105701.0,158579.0,112998.0,0.052261254497916076,0.292521162856921,0.16692689575974143
C97-C97,Malignant neoplasms of independent (primary) multiple sites,2021,covid_peak,24433.0,666.0,8512.0,5.46280991735537,54.276164504717,191.0,5924.0,8665.0,10580.0,0.027258216346744156,0.43302091433716694,0.0644796091165801
D00-D48,In situ & benign neoplasms and others of uncertainty,2021,covid_peak,31992.0,169.0,2427.0,2.04358919838401,33.4450343180008,6.0,10929.0,10728.0,9875.0,0.0052825706426606655,0.30867091772943234,0.0033322273540975214
D00-D48,In situ & benign neoplasms and others of uncertainty,2021,covid_peak,292405.0,9607.0,35772.0,3.29931628260319,67.6145331120303,8649.0,126243.0,114318.0,47942.0,0.032855115336605054,0.1639575246661309,0.017772900086058002
D00-D48,In situ & benign neoplasms and others of uncertainty,2021,covid_peak,107847.0,7102.0,58939.0,5.37151196730882,42.987128918414,1931.0,21056.0,39632.0,50849.0,0.06585255037228667,0.47149202110397137,0.1667798176157612
D50-D64,Anaemias,2021,covid_peak,160878.0,41128.0,35762.0,2.72974149547047,24.7428341083486,1734.0,63387.0,48260.0,68031.0,0.2556471363393379,0.42287323313318165,0.2951023378859441
D50-D64,Anaemias,2021,covid_peak,50843.0,12884.0,22912.0,3.38502168353164,26.2541406164308,11676.0,38423.0,3356.0,2666.0,0.2534075487284385,0.052435930216548986,0.044979019056287574
D50-D64,Anaemias,2021,covid_peak,103854.0,27551.0,29444.0,3.10046050971486,25.8871701009624,4237.0,31310.0,35128.0,47414.0,0.26528588210372256,0.4565447647659214,0.3755119045655175
D65-D89,Diseases of the blood and blood-forming organs,2021,covid_peak,28580.0,8002.0,13632.0,3.12727083982145,24.3346249654027,5292.0,11603.0,7393.0,7089.0,0.27998600419874037,0.2480405878236529,0.21718237086562053
D65-D89,Diseases of the blood and blood-forming organs,2021,covid_peak,24047.0,6142.0,11423.0,4.71259089169537,38.3396624472574,3395.0,11119.0,8094.0,3906.0,0.25541647606770074,0.16243190418763256,0.1955149556744698
D65-D89,Diseases of the blood and blood-forming organs,2021,covid_peak,25515.0,1152.0,16585.0,8.02776400594943,79.3764223092707,1762.0,11553.0,7950.0,4495.0,0.045149911816578486,0.17617087987458357,0.06385363519903484
E00-E07,Disorders of thyroid gland,2021,covid_peak,15803.0,4172.0,2147.0,2.52064261353437,102.79193726259,1080.0,10912.0,3730.0,2223.0,0.26400050623299376,0.14066949313421503,0.09360864446689196
E10-E14,Diabetes Mellitus,2021,covid_peak,61663.0,54215.0,2610.0,5.8499053030303,46.0746460746461,6403.0,51744.0,23656.0,21175.0,0.8792144397775002,0.3433987966852083,1.766210315769045
E15-E90,Endocrine nutritional and metabolic diseases,2021,covid_peak,14781.0,13099.0,675.0,4.832777966678,64.7001414427157,2909.0,6461.0,5768.0,8866.0,0.8862052635139707,0.5998240985048373,2.56894660610265
E15-E90,Endocrine nutritional and metabolic diseases,2021,covid_peak,30865.0,5967.0,10436.0,4.86089990160122,93.1619104073165,7158.0,16676.0,6931.0,5276.0,0.19332577352988822,0.17093795561315406,0.16063676151290812
E15-E90,Endocrine nutritional and metabolic diseases,2021,covid_peak,887.0,714.0,69.0,21.2887473460722,30.6190476190476,42.0,1329.0,692.0,438.0,0.8049605411499436,0.49379932356257045,8.462042270389212
E15-E90,Endocrine nutritional and metabolic diseases,2021,covid_peak,9718.0,2173.0,3086.0,6.06111878453039,29.086081221798,486.0,5196.0,2751.0,2771.0,0.2236056801811072,0.28514097550936407,0.3864517319057215
E15-E90,Endocrine nutritional and metabolic diseases,2021,covid_peak,7935.0,674.0,1094.0,3.20222083203003,190.900632161201,512.0,6694.0,1450.0,285.0,0.084940138626339,0.035916824196597356,0.009769271354084775
E15-E90,Endocrine nutritional and metabolic diseases,2021,covid_peak,192364.0,80294.0,68037.0,5.17400072335902,45.5379979483672,8076.0,86008.0,77204.0,78925.0,0.41740658335239444,0.41028986712690524,0.8860874203306925
F00-F03,Dementia,2021,covid_peak,37552.0,34584.0,549.0,16.3266736768314,7.55868852459016,104.0,4053.0,12310.0,68157.0,0.9209629314017895,1.8150031955688113,27.290862217168456
F10-F19,Mental and behavioural disorders due to psychoactive subst.,2021,covid_peak,44985.0,43128.0,1011.0,6.10783010690552,58.878453038674,548.0,61547.0,12876.0,2400.0,0.9587195731910637,0.053351117039013005,0.3124079372172585
F20-F29,"Schizophrenia, schizotypal and delusional disorders",2021,covid_peak,17362.0,13439.0,2057.0,78.26032097399,72.8870967741936,117.0,23008.0,3767.0,1675.0,0.7740467688054372,0.09647506047690359,5.844184072348742
F30-F39,Mood [affective] disorders,2021,covid_peak,15498.0,12506.0,1405.0,34.2065291457598,84.726618705036,321.0,14248.0,5147.0,3239.0,0.8069428313330752,0.20899470899470898,5.768821070998902
F40-F69,"Neurotic, behavioural & personality disorders",2021,covid_peak,20418.0,18016.0,889.0,8.33003516998828,52.2084507042253,877.0,18409.0,3894.0,2912.0,0.8823587031051033,0.14261925751787638,1.0482628138722756
F40-F69,"Neurotic, behavioural & personality disorders",2021,covid_peak,6279.0,4884.0,561.0,23.4873121060288,96.9484777517564,2245.0,6714.0,289.0,100.0,0.7778308647873865,0.01592610288262462,0.2909564626049312
F40-F69,"Neurotic, behavioural & personality disorders",2021,covid_peak,7676.0,4780.0,842.0,33.3777421080792,109.681607418856,31.0,7834.0,305.0,88.0,0.6227201667535175,0.011464304325169358,0.23828548665491273
F70-F79,Mental retardation,2021,covid_peak,377.0,166.0,83.0,304.061016949153,96.875,22.0,486.0,36.0,9.0,0.4403183023872679,0.023872679045092837,3.19616094760418
F80-F99,Other mental and behavioural disorders,2021,covid_peak,2516.0,821.0,562.0,44.4689889549703,73.7860576923077,1759.0,951.0,76.0,110.0,0.3263116057233704,0.04372019077901431,0.6344126355274364
F80-F99,Other mental and behavioural disorders,2021,covid_peak,1330.0,962.0,154.0,17.1327134404057,78.7256637168142,794.0,684.0,33.0,41.0,0.7233082706766917,0.030827067669172932,0.382016215453944
F80-F99,Other mental and behavioural disorders,2021,covid_peak,419.0,368.0,17.0,20.2689486552567,70.5714285714286,27.0,368.0,66.0,37.0,0.8782816229116945,0.0883054892601432,1.572000643024221
G00-G09,Inflammatory diseases of the central nervous system,2021,covid_peak,6788.0,4935.0,741.0,16.8347169811321,31.1657303370787,1809.0,6301.0,2843.0,1936.0,0.7270182675309369,0.2852091926929876,3.4907171706624696
"G10-G14, G30-G32",Other degenerative diseases (incl. Alzheimer).,2021,covid_peak,5514.0,1189.0,2319.0,12.3006993006993,50.7112299465241,1319.0,2392.0,2460.0,1540.0,0.21563293434893,0.27928908233587235,0.7407963842075765
G20-G26,Extrapyramidal & movement disorders (incl. Parkinsonism).,2021,covid_peak,13599.0,6346.0,3029.0,12.5175472425762,84.8668076109937,1200.0,4456.0,7250.0,9426.0,0.46665195970291934,0.6931392014118685,4.048860322825525
G30-G32,Other degenerative diseases (incl. Alzheimer).,2021,covid_peak,5983.0,5030.0,280.0,27.0539776378358,59.5176470588235,134.0,922.0,2845.0,10666.0,0.8407153601871971,1.7827177001504262,40.547369566446896
G35-G37,Demyelinating diseases (incl Multiple Sclerosis) of the CNS.,2021,covid_peak,59667.0,2891.0,38814.0,7.85677676537585,51.0255325814536,292.0,57165.0,5076.0,547.0,0.04845224328355707,0.009167546550019274,0.003489887495861068
G40-G47,"Epilepsy, migraine & other episodic disorders",2021,covid_peak,125456.0,87323.0,12004.0,2.36388274669397,105.06831819433,23140.0,84826.0,26348.0,28515.0,0.6960448284657569,0.22729084300471877,0.37397716181038276
"G50-G73,  G90-G99",Other diseases & disorders of the nervous syst.,2021,covid_peak,67007.0,7831.0,2829.0,2.66869024131128,119.282882218166,786.0,35958.0,19153.0,14589.0,0.11686838688495232,0.2177235214231349,0.06790481447858153
"G50-G73,  G90-G99",Other diseases & disorders of the nervous syst.,2021,covid_peak,31964.0,3093.0,20509.0,16.2290880190741,84.1210922041947,298.0,15817.0,13605.0,5908.0,0.09676511074959329,0.18483293705418596,0.29026340017603564
"G50-G73,  G90-G99",Other diseases & disorders of the nervous syst.,2021,covid_peak,7939.0,1489.0,3994.0,10.6292952824694,77.6566068515498,1169.0,4702.0,2361.0,1715.0,0.1875551076961834,0.21602216903892177,0.43065717795267805
G80-G83,Cerebral palsy & other paralytic syndromes,2021,covid_peak,13437.0,4216.0,4394.0,9.69779489904357,129.555202735711,3815.0,7400.0,2580.0,2352.0,0.31376051201905186,0.17503907122125476,0.532606276601039
G90-G99,Other diseases & disorders of the nervous syst.,2021,covid_peak,24111.0,13229.0,2911.0,9.35499269361909,88.9292535568115,2826.0,19197.0,7711.0,5006.0,0.5486707312015263,0.20762307660403964,1.0656899453384003
"H00-H06, H15-H22, H30-H36, H43-H59",Other disorders of the eye etc,2021,covid_peak,43824.0,5285.0,1397.0,2.07379648313635,115.13024869867,5088.0,13139.0,11741.0,14786.0,0.12059602044541803,0.3373950346841913,0.0843796650953838
H10-H13,Disorders of conjunctiva (including conjunctivitis),2021,covid_peak,5023.0,1545.0,94.0,1.13073794305636,104.435256410256,1007.0,2053.0,1185.0,919.0,0.3075851085008959,0.18295839139956202,0.06363259058651874
H15-H22,"Disorders of sclera, cornea, iris and ciliary body",2021,covid_peak,14080.0,1680.0,1372.0,3.3626220362622,96.8267517213447,785.0,7902.0,2777.0,2846.0,0.11931818181818182,0.2021306818181818,0.08109926581032356
H25-H28,Disorders of lens (including cataracts),2021,covid_peak,515881.0,480.0,57182.0,1.77669441141498,80.5091101258956,403.0,39688.0,190225.0,289025.0,0.0009304471380027564,0.5602551751275973,0.0009261691640813502
H30-H36,Disorders of choroid and retina,2021,covid_peak,134091.0,6490.0,74089.0,0.778860150039189,57.1833038973272,846.0,24999.0,42137.0,66944.0,0.048399967186462924,0.4992430513606431,0.018819868306583862
H40-H42,Glaucoma,2021,covid_peak,21784.0,862.0,483.0,1.73956496178718,65.5150588111187,187.0,4669.0,8187.0,8853.0,0.039570326845391114,0.4063991920675725,0.02797455101481339
H43-H45,Disorders of vitreous body and globe,2021,covid_peak,6591.0,1186.0,241.0,2.62531486146096,55.7653570653354,109.0,2543.0,2368.0,1787.0,0.179942345622819,0.27112729479593384,0.12808197487806244
H46-H48,Disorders of optic nerve and visual pathways,2021,covid_peak,4213.0,2757.0,462.0,1.79599094730036,42.4950166112957,909.0,3393.0,456.0,219.0,0.6544030382150486,0.05198196059814859,0.06109449874718663
H49-H52,"Disorders of ocular muscles, binocular movement, accommodation and",2021,covid_peak,12638.0,1394.0,594.0,2.14039073148569,200.421161417323,5870.0,4810.0,1699.0,957.0,0.11030226301630004,0.07572400696312707,0.017877676368162686
H53-H54,Visual disturbances and blindness,2021,covid_peak,7560.0,6249.0,248.0,1.3107476635514,87.8326693227092,585.0,4001.0,2180.0,2219.0,0.8265873015873015,0.2935185185185185,0.31801186819050864
H55-H59,Other disorders of eye and adnexa,2021,covid_peak,6631.0,2048.0,1564.0,0.990689801100296,82.3248337028825,808.0,1994.0,1959.0,2106.0,0.3088523601266777,0.31759915548182777,0.09717799970866772
H60-H95,Diseases of the ear and mastoid process,2021,covid_peak,12093.0,8096.0,495.0,2.51473078225533,112.083745583039,1661.0,6705.0,2224.0,2435.0,0.6694782105350202,0.20135615645414703,0.3389946601371677
H60-H95,Diseases of the ear and mastoid process,2021,covid_peak,26184.0,7432.0,557.0,1.2472092185812,173.529439611811,12724.0,10677.0,2429.0,1153.0,0.28383745798961196,0.04403452490070272,0.015588428520980092
H60-H95,Diseases of the ear and mastoid process,2021,covid_peak,12442.0,11126.0,89.0,2.02876008804109,209.723535457348,145.0,6301.0,5268.0,6012.0,0.8942292235974924,0.48320205754701817,0.8766138457698216
H60-H95,Diseases of the ear and mastoid process,2021,covid_peak,8868.0,2999.0,591.0,0.825504878602224,170.083850931677,2451.0,4078.0,1525.0,1035.0,0.3381822282363554,0.11671177266576455,0.03258255153811243
I00-I09,Rheumatic heart disease,2021,covid_peak,64.0,34.0,20.0,11.1333333333333,11.3333333333333,23.0,51.0,9.0,20.0,0.53125,0.3125,1.8483072916666612
I00-I09,Rheumatic heart disease,2021,covid_peak,11279.0,2306.0,639.0,11.333766374364,74.8148537397092,67.0,2501.0,5501.0,9587.0,0.20445074917989184,0.8499867009486657,1.9695866558060942
I10-I15,Hypertensive diseases,2021,covid_peak,35806.0,32088.0,1211.0,1.82622173104396,76.6925031766201,542.0,19860.0,12446.0,14527.0,0.896162654303748,0.4057141261241133,0.663988377002374
I20-I25,Ischaemic heart diseases,2021,covid_peak,229895.0,137953.0,4524.0,4.96494367828192,66.8631698788322,91.0,92823.0,147058.0,125949.0,0.6000695969899302,0.5478544552948085,1.632229217102541
I26-I28,Pulmonary heart disease & diseases of pulmonary circulation,2021,covid_peak,43979.0,36418.0,3277.0,5.26866093766997,53.495368328187,363.0,23976.0,25430.0,28792.0,0.8280770367675482,0.6546760954091726,2.856258275278338
I30-I52,Other forms of heart disease,2021,covid_peak,323760.0,214242.0,14689.0,6.27231241957826,89.0273297668582,3318.0,95276.0,156231.0,296646.0,0.6617309117865086,0.9162527798369162,3.8029832267363024
I60-I69,Cerebrovascular diseases,2021,covid_peak,115741.0,99497.0,2087.0,14.0420321185917,47.9343116701607,714.0,41018.0,66054.0,119010.0,0.8596521543791742,1.0282440967332234,12.412205087065837
I70-I79,"Diseases of arteries, arterioles & capillaries",2021,covid_peak,57704.0,23281.0,6324.0,8.59841359773371,53.8573604281798,467.0,17020.0,29510.0,29123.0,0.4034555663385554,0.5046963815333426,1.7508310268910714
I80-I89,Diseases of veins & lymphatic system nec.,2021,covid_peak,112683.0,72061.0,6196.0,3.62590420447707,131.227735104837,4440.0,47761.0,38209.0,61573.0,0.6395019656913643,0.5464267014545229,1.267039408684435
I95-I99,Other & unspecified disorders of the circulatory system,2021,covid_peak,5645.0,1403.0,1350.0,7.77309129738388,80.9377344336084,40.0,3860.0,2678.0,1088.0,0.24853852967227635,0.19273693534100975,0.37235092968670513
J00-J06,Acute upper respiratory infections,2021,covid_peak,113852.0,98285.0,866.0,0.677631516146584,155.730321800876,83228.0,32623.0,2239.0,1612.0,0.8632698591153427,0.01415873238941784,0.00828255918142216
J09-J18,Influenza & pneumonia,2021,covid_peak,189979.0,184907.0,1354.0,8.45905219581931,24.0970790378007,11262.0,59484.0,102126.0,237938.0,0.9733023123608399,1.2524436911448107,10.311638262956698
J20-J22,Other acute lower respiratory infections,2021,covid_peak,141084.0,136990.0,1196.0,2.75779452054795,24.1501877346683,88028.0,27002.0,21510.0,49183.0,0.9709818264296447,0.3486079215219302,0.9334912624638807
J30-J39,Other diseases of upper respiratory tract,2021,covid_peak,76604.0,14942.0,4456.0,1.83623269083571,137.759602168601,12025.0,50556.0,12344.0,4895.0,0.19505508850712758,0.06390005743825387,0.022886861841418006
J40-J47,Chronic lower respiratory diseases,2021,covid_peak,177395.0,160044.0,8951.0,4.45578761140721,42.6748924609463,17881.0,78166.0,102328.0,108083.0,0.9021900279038304,0.6092787282617886,2.4492804724826476
J60-J70,Lung diseases due to external agents,2021,covid_peak,28157.0,26899.0,461.0,12.3152735798424,41.6948640483384,667.0,11769.0,17207.0,42540.0,0.9553219448094612,1.510814362325532,17.774808186184604
J80-J99,Other diseases of the respiratory system,2021,covid_peak,18297.0,9808.0,3964.0,7.62024917205488,31.9610697359513,240.0,7810.0,9941.0,12674.0,0.5360441602448489,0.6926818604142756,2.8294599839053327
J80-J99,Other diseases of the respiratory system,2021,covid_peak,4157.0,2597.0,347.0,14.0792708774905,25.0380434782609,315.0,4015.0,3176.0,2613.0,0.6247293721433727,0.6285783016598508,5.528807574477458
J80-J99,Other diseases of the respiratory system,2021,covid_peak,34382.0,21610.0,3528.0,5.91377568204783,15.8791348600509,349.0,16201.0,16809.0,23123.0,0.6285265545925194,0.6725321389098947,2.4997784580673987
J80-J99,Other diseases of the respiratory system,2021,covid_peak,25180.0,14819.0,2813.0,7.79076343072573,29.8977932636469,3546.0,11446.0,14766.0,13018.0,0.5885226370135028,0.5169976171564734,2.3704550847213146
K00-K14,"Diseases of oral cavity, salivary glands & jaws",2021,covid_peak,183396.0,19340.0,9975.0,1.77381582429214,121.683441678636,43247.0,107579.0,24255.0,11867.0,0.10545486270147658,0.06470697288926694,0.012103924853549084
K20-K31,"Diseases of oesophagus, stomach & duodenum",2021,covid_peak,424394.0,67532.0,54171.0,3.60354097243663,49.6622637332518,11718.0,206737.0,150590.0,104364.0,0.15912571808272502,0.2459129959424497,0.141010457517788
K35-K38,Diseases of appendix,2021,covid_peak,48911.0,46297.0,541.0,3.04214024462186,78.6506550218341,10222.0,41734.0,6627.0,3120.0,0.9465559894502259,0.06378933164318865,0.183684957089377
K40-K46,Hernia,2021,covid_peak,177397.0,32804.0,5678.0,2.8626980713884,111.480169125419,7206.0,81586.0,59013.0,41377.0,0.18491857246740362,0.23324520707791,0.12347209179855655
K50-K52,Noninfective enteritis & colitis,2021,covid_peak,308528.0,29438.0,125016.0,6.02781665070831,66.3157972871609,12787.0,240516.0,58429.0,24953.0,0.09541435461287144,0.08087758647513353,0.04651595412810214
K55-K63,Other diseases of intestines,2021,covid_peak,587945.0,167595.0,47182.0,4.53703954258683,55.0008218768679,18383.0,277801.0,202164.0,163125.0,0.28505217324749765,0.2774494212894063,0.3588233893370324
K65-K67,Diseases of peritoneum,2021,covid_peak,8366.0,5358.0,406.0,8.59219525278262,131.664981617647,292.0,6579.0,3747.0,2819.0,0.6404494382022472,0.3369591202486254,1.854241095986255
K70-K77,Diseases of liver,2021,covid_peak,56915.0,30315.0,9156.0,9.95319179253348,44.8556989977917,933.0,57681.0,34089.0,11932.0,0.5326363875955372,0.20964596327857332,1.1114238438511885
K80-K87,"Disorders of gall bladder, biliary tract & pancreas",2021,covid_peak,217887.0,125599.0,7698.0,5.02819249849758,115.257460042516,1244.0,145621.0,80008.0,73305.0,0.5764409992335476,0.33643585895441214,0.9751446376818741
K90-K93,Other diseases of the digestive system,2021,covid_peak,124490.0,62936.0,4916.0,4.35039716127352,39.339191366583,6170.0,70267.0,37493.0,49825.0,0.5055506466382842,0.4002329504377862,0.8802507778424494
L00-L14  L55-L99,Other infections and disorders of the skin,2021,covid_peak,156054.0,131221.0,7861.0,3.56737807011406,97.7023140867221,8635.0,101118.0,43953.0,59209.0,0.8408691863073039,0.37941353633998487,1.138126138084519
L00-L14  L55-L99,Other infections and disorders of the skin,2021,covid_peak,2134.0,752.0,710.0,12.8480885311871,36.25,26.0,821.0,789.0,1566.0,0.35238987816307404,0.7338331771321462,3.3224563858673486
L20-L30,Dermatitis and eczema,2021,covid_peak,12927.0,8411.0,1337.0,2.1616976127321,45.0913180386865,4757.0,5719.0,2555.0,2353.0,0.6506536706118976,0.18202212423609498,0.2560171186416536
L40-L45,Papulosquamous disorders (including Psoriasis),2021,covid_peak,8054.0,1162.0,3371.0,5.72369230769231,50.3577668059248,195.0,5325.0,2487.0,833.0,0.1442761360814502,0.10342686863670227,0.08540910245311402
L50-L54,Urticaria and erythems,2021,covid_peak,9511.0,5069.0,2714.0,1.49419448476052,34.5350949628406,2535.0,5814.0,1477.0,930.0,0.5329618336662811,0.09778151613920723,0.07786817665654192
L55-L59,Radiation-related disorders of the skin and subcutaneous tissue,2021,covid_peak,13743.0,311.0,243.0,2.02222222222222,42.5544607667503,109.0,2025.0,4225.0,7407.0,0.02262970239394601,0.5389652914210871,0.024664284383173928
L60-L75,Disorders of skin appendages,2021,covid_peak,41303.0,14175.0,1491.0,0.635663614866913,111.694716678546,2509.0,28296.0,7815.0,3670.0,0.3431954095344164,0.08885553107522456,0.01938444139877216
L80-L99,Other disorders of the skin and subcutaneous tissue,2021,covid_peak,83209.0,16898.0,3050.0,9.8813242308052,65.8982702551723,3451.0,31813.0,26661.0,37201.0,0.20307899385883738,0.4470790419305604,0.8971487667076874
M00-M25,Arthropathies,2021,covid_peak,460552.0,69638.0,58861.0,3.12801616641139,170.784277398093,14034.0,178194.0,169085.0,132668.0,0.15120550990984732,0.28806302002814016,0.13624611127054265
M30-M36,Systemic connective tissue disorders,2021,covid_peak,29194.0,4973.0,15221.0,5.88943235937701,50.8129726585224,2268.0,17408.0,8018.0,5289.0,0.17034322120983764,0.18116736315681303,0.18175160601684107
M40-M54,Dorsopathies,2021,covid_peak,255447.0,87306.0,21544.0,3.48246680688839,180.138399616529,3791.0,141352.0,77173.0,65289.0,0.341777354989489,0.2555872646772129,0.3042071940296789
M60-M79,Soft tissue disorders,2021,covid_peak,216741.0,112296.0,12037.0,1.41349584064961,145.640937108366,7168.0,109989.0,65369.0,51932.0,0.5181114786773153,0.23960395125979855,0.17547357515559864
M80-M94,Osteopathies and chondropathies,2021,covid_peak,91020.0,25432.0,30709.0,7.94537975165689,100.452576257945,4467.0,32588.0,32341.0,39392.0,0.2794111184355087,0.43278400351571084,0.9607923646120218
M95-M99,Other disorders of the musculoskeletal system & conn. tiss.,2021,covid_peak,10331.0,6684.0,366.0,15.177352398524,209.353697749196,134.0,2409.0,2999.0,9528.0,0.6469848030200368,0.9222727712709321,9.056272558429857
"N00-N08, N10-N16",Diseases of the kidney,2021,covid_peak,10079.0,3308.0,2489.0,5.40658049353702,83.2082228116711,2319.0,5361.0,2914.0,2063.0,0.32820716340906836,0.20468300426629626,0.363205579645535
N10-N16,Renal tubulo-interstitial diseases,2021,covid_peak,78415.0,54963.0,6970.0,3.45981735159817,78.9353736551323,3827.0,56941.0,25970.0,21018.0,0.7009245680035707,0.26803545240068866,0.6500049979089465
N17-N19,Renal failure,2021,covid_peak,100589.0,59755.0,16761.0,7.21525513294753,85.6199612524217,4437.0,40996.0,48005.0,73332.0,0.5940510393780633,0.7290260366441659,3.1247731313362315
N20-N23,Urolithiasis,2021,covid_peak,81866.0,28739.0,8469.0,1.40122897800776,90.0301126828099,497.0,54003.0,22960.0,10506.0,0.35104927564556715,0.12833166393863144,0.06312639910109308
N25-N29,Other disorders of kidney & ureter,2021,covid_peak,6434.0,1881.0,756.0,3.6694172253739,59.3458282950423,580.0,2777.0,2411.0,1870.0,0.2923531240285981,0.29064345663661795,0.3117922990066066
N30-N39,Other diseases of the urinary system,2021,covid_peak,221203.0,136330.0,16139.0,5.55712838222686,111.895207856943,17147.0,73070.0,72011.0,164897.0,0.6163117136747693,0.7454555317965851,2.553128032160364
N40-N51,Diseases of male genital organs,2021,covid_peak,115630.0,43025.0,3647.0,1.4988577230613,139.99960499289,15673.0,52485.0,32668.0,21449.0,0.37209201764248034,0.18549684337974573,0.10345399996061772
N60-N64,Disorders of breast,2021,covid_peak,15017.0,6545.0,500.0,1.05701155136008,81.678553820871,372.0,12276.0,2317.0,902.0,0.43583938203369516,0.06006525937271093,0.02767129984252672
N70-N77,Inflammatory diseases of female pelvic organs,2021,covid_peak,20992.0,13866.0,487.0,2.07849952061361,130.889813994686,426.0,20534.0,1187.0,647.0,0.6605373475609756,0.03082126524390244,0.04231533367395241
N80-N98,Noninflammatory disorders of female genital tract,2021,covid_peak,169168.0,40721.0,7394.0,1.42616248726297,116.198887069791,1863.0,127653.0,22388.0,11056.0,0.24071337368769508,0.06535514991014849,0.022436186622671862
N99-N99,Other disorders of the genitourinary system,2021,covid_peak,3721.0,1886.0,201.0,3.04897090134847,138.108919382504,164.0,1402.0,1410.0,1219.0,0.5068529965063155,0.3276001074979844,0.5062666664459586
O00-O08,Pregnancy with abortive outcome,2021,covid_peak,92014.0,47594.0,8050.0,0.831635471003375,5.63882352941176,82.0,91742.0,0.0,1.0,0.5172473753993957,1.0867911404786229e-05,4.674954514155846e-06
O10-O16,"Oedema, proteinuria and hypertensive disorders in pregnancy, childbirth and the puerperium",2021,covid_peak,37769.0,930.0,97.0,2.17665195896018,19.0657894736842,3.0,37742.0,0.0,0.0,0.024623368370886176,0.0,0.0
O20-O29,Other maternal disorders predominantly related to pregnancy,2021,covid_peak,215983.0,71421.0,2623.0,0.775063065105864,8.86075949367089,54.0,214810.0,2.0,1.0,0.3306788034243436,4.629994027307704e-06,1.1866532409847588e-06
O30-O48,Maternal care related to the fetus and amniotic cavity and possible delivery problems,2021,covid_peak,428065.0,5770.0,5430.0,1.26710955096848,15.7772554286994,54.0,418542.0,0.0,1.0,0.013479261327134898,2.336093817527712e-06,3.9899783368443345e-08
O60-O75,Complications of labour and delivery,2021,covid_peak,315885.0,3904.0,802.0,2.41624890191246,19.5810185185185,35.0,321245.0,2.0,0.0,0.012358928090919164,0.0,0.0
O80-O84,Delivery,2021,covid_peak,23281.0,206.0,260.0,1.14223916395409,20.051724137931,1.0,23112.0,0.0,0.0,0.00884841716421116,0.0,0.0
O85-O92,Complications predominantly related to the puerperium,2021,covid_peak,26212.0,3444.0,124.0,1.2455392211873,71.6416666666667,2.0,27399.0,0.0,0.0,0.13139020296047613,0.0,0.0
O94-O99,"Other obstetric conditions, not elsewhere classified",2021,covid_peak,44953.0,4824.0,987.0,1.20227154695509,22.6923076923077,4.0,44979.0,1.0,0.0,0.10731208150735212,0.0,0.0
P00-P04,Complications of fetus/neonate affected by maternal,2021,covid_peak,191.0,1.0,0.0,0.4,,194.0,0.0,0.0,0.0,0.005235602094240838,0.0,0.0
P05-P96,Other conditions originating in the perinatal period,2021,covid_peak,57649.0,1236.0,82.0,8.63269676642891,24.4,66698.0,2.0,0.0,0.0,0.021440094364169368,0.0,0.0
P05-P96,Other conditions originating in the perinatal period,2021,covid_peak,8393.0,594.0,25.0,1.45991262250561,151.507042253521,8897.0,18.0,1.0,0.0,0.07077326343381389,0.0,0.0
P05-P96,Other conditions originating in the perinatal period,2021,covid_peak,62686.0,6734.0,256.0,4.90749558099909,40.5515151515152,75963.0,5.0,0.0,0.0,0.10742430526752385,0.0,0.0
P05-P96,Other conditions originating in the perinatal period,2021,covid_peak,14784.0,5495.0,130.0,4.24986132511556,6.27906976744186,18500.0,3.0,0.0,0.0,0.3716856060606061,0.0,0.0
P05-P96,Other conditions originating in the perinatal period,2021,covid_peak,49014.0,21531.0,1566.0,2.46875318377244,8.01724137931035,54646.0,24.0,0.0,0.0,0.4392826539356102,0.0,0.0
P05-P96,Other conditions originating in the perinatal period,2021,covid_peak,6988.0,555.0,29.0,3.23689926690198,27.9375,8551.0,0.0,0.0,0.0,0.07942186605609616,0.0,0.0
P05-P96,Other conditions originating in the perinatal period,2021,covid_peak,4365.0,3479.0,37.0,5.29237569060773,45.3333333333333,5077.0,1.0,0.0,0.0,0.7970217640320734,0.0,0.0
P05-P96,Other conditions originating in the perinatal period,2021,covid_peak,10601.0,1803.0,37.0,1.80051590713672,181.350769230769,11470.0,3.0,0.0,0.0,0.1700782945005188,0.0,0.0
P05-P96,Other conditions originating in the perinatal period,2021,covid_peak,21193.0,8876.0,216.0,2.94625614866096,29.4658385093168,24078.0,4.0,0.0,0.0,0.4188175340914453,0.0,0.0
Q00-Q89,Congenital malformations,2021,covid_peak,3956.0,620.0,749.0,5.81596806387226,88.7587034813926,3187.0,1182.0,152.0,23.0,0.15672396359959556,0.005813953488372093,0.005299427715922828
Q00-Q89,Congenital malformations,2021,covid_peak,5607.0,343.0,351.0,1.4455205811138,147.089449029668,3251.0,1916.0,282.0,216.0,0.06117353308364544,0.038523274478330656,0.0034065207483218785
Q00-Q89,Congenital malformations,2021,covid_peak,18733.0,1924.0,3225.0,7.47928095197907,99.5798042136625,15456.0,7119.0,1359.0,361.0,0.10270645385149202,0.019270805530347514,0.014803262853850325
Q00-Q89,Congenital malformations,2021,covid_peak,3042.0,1035.0,434.0,4.70346494762288,83.910277324633,3141.0,276.0,96.0,45.0,0.34023668639053256,0.014792899408284023,0.02367294864398267
Q00-Q89,Congenital malformations,2021,covid_peak,2527.0,60.0,1051.0,2.0008347245409,180.584167424932,2388.0,264.0,9.0,0.0,0.02374356944994064,0.0,0.0
Q00-Q89,Congenital malformations,2021,covid_peak,11483.0,2276.0,755.0,5.11263983541211,106.490390707497,10044.0,1414.0,815.0,905.0,0.19820604371679876,0.07881215710180267,0.07986478131385312
Q00-Q89,Congenital malformations,2021,covid_peak,13969.0,2002.0,1462.0,0.957518277020352,202.366012351125,11944.0,2039.0,115.0,82.0,0.14331734555086262,0.005870141026558809,0.0008055534524931902
Q00-Q89,Congenital malformations,2021,covid_peak,4930.0,577.0,1051.0,3.5935653315824,104.697911087306,4026.0,1055.0,317.0,117.0,0.11703853955375254,0.023732251521298174,0.009981444151993889
Q00-Q89,Congenital malformations,2021,covid_peak,16030.0,865.0,3017.0,3.71332169866201,160.910952118877,12941.0,3715.0,271.0,94.0,0.05396132252027448,0.005864004990642545,0.0011750043968487348
Q00-Q89,Congenital malformations,2021,covid_peak,6654.0,657.0,1687.0,3.99264448336252,133.394864048338,4115.0,2461.0,310.0,107.0,0.09873760144274121,0.016080553050796514,0.006339342192363457
Q90-Q99,Chromosomal abnormalities nec.,2021,covid_peak,1268.0,104.0,346.0,8.12579617834395,81.1414634146341,1026.0,353.0,23.0,0.0,0.08201892744479496,0.0,0.0
R00-R09,Symptoms & signs inv. the circulatory/respiratory system,2021,covid_peak,428677.0,382327.0,6537.0,0.690709323970519,60.6216784213151,26673.0,246948.0,114342.0,106712.0,0.8918766343890622,0.24893334608574755,0.15334978864914642
R10-R19,Symptoms & signs inv. the digestive system & abdomen,2021,covid_peak,497314.0,278493.0,15965.0,1.17996617136985,42.2864562023687,37569.0,326901.0,106376.0,72892.0,0.559994289322239,0.14657138146120963,0.09685060455893674
R20-R23,Symptoms & signs inv. the skin & subcutaneous tissue,2021,covid_peak,35849.0,29807.0,1397.0,0.734202478673749,62.0649184521906,10249.0,17847.0,6402.0,4953.0,0.8314597338837904,0.13816284973081536,0.08434286527351761
R25-R29,Symptoms & signs inv. the nervous & musculoskeletal sys.,2021,covid_peak,113647.0,102952.0,2819.0,7.28120240407854,64.1205186880244,8183.0,15404.0,30470.0,143659.0,0.9058928084331307,1.264080882029442,8.337863459743348
R30-R39,Symptoms & signs involving the urinary system,2021,covid_peak,94864.0,48073.0,8803.0,2.17244402096236,61.7596977329975,5245.0,25940.0,29942.0,45088.0,0.5067570416596391,0.47529094282341033,0.5232484193202177
R40-R46,Symptoms & signs inv. Cognition perception etc.,2021,covid_peak,76652.0,71748.0,1518.0,3.07047221528196,57.8783578307146,6793.0,31506.0,21836.0,45081.0,0.9360225434430934,0.5881255544538956,1.6902912003808737
R47-R49,Symptoms & signs inv. speech & voice,2021,covid_peak,7877.0,6559.0,177.0,2.27701778385773,52.7515463917526,201.0,2573.0,2771.0,4844.0,0.8326774152596166,0.6149549320807414,1.1659676391650593
R50-R68,General symptoms & signs,2021,covid_peak,451600.0,294061.0,33334.0,4.86863119255364,58.7794040773654,68700.0,225188.0,107375.0,158701.0,0.6511536758193092,0.3514193976970771,1.1140792970749809
R70-R89,Abnormal findings of bodily fluids or samples without diag.,2021,covid_peak,25413.0,8954.0,3305.0,1.43949163629567,33.4599960876369,2297.0,9506.0,9570.0,6142.0,0.3523393538740015,0.24168732538464566,0.12258128653713748
R70-R89,Abnormal findings of bodily fluids or samples without diag.,2021,covid_peak,1108.0,482.0,139.0,1.5870253164557,36.8304597701149,287.0,533.0,208.0,169.0,0.43501805054151627,0.15252707581227437,0.10530235327243319
R70-R89,Abnormal findings of bodily fluids or samples without diag.,2021,covid_peak,2146.0,176.0,195.0,1.76611418047882,44.397582697201,121.0,1381.0,478.0,200.0,0.08201304753028892,0.09319664492078285,0.013499012695948437
R90-R94,Abnormal findings on diagnostic imaging/function studies,2021,covid_peak,45237.0,12108.0,3891.0,2.24438021836866,28.5099104859335,1481.0,18382.0,17134.0,13464.0,0.26765700643278734,0.2976324689966178,0.17879499425481124
R95-R99,Ill-defined & unknown causes of mortality,2021,covid_peak,4.0,3.0,0.0,0.8,28.0,3.0,1.0,0.0,1.0,0.75,0.25,0.15000000000000002
S00-S09,Injuries to the head,2021,covid_peak,150759.0,137964.0,1867.0,3.91204642280006,24.6962025316456,22454.0,53928.0,26582.0,91300.0,0.9151294450082582,0.6056023189328663,2.1680737865745137
S10-S19,Injuries to the neck,2021,covid_peak,9559.0,8718.0,109.0,12.4900787401575,89.6818181818182,408.0,4726.0,2750.0,6232.0,0.9120200857830317,0.6519510409038602,7.426506447003637
S20-S29,Injuries to the thorax,2021,covid_peak,32352.0,31050.0,236.0,7.08873142283815,48.246963562753,473.0,13985.0,10836.0,23966.0,0.9597551928783383,0.7407888229475766,5.039917342505402
S30-S39,"Injuries to abdomen, lower back, lumbar spine & pelvis",2021,covid_peak,40961.0,38368.0,350.0,8.22222767178381,81.7911832946636,2386.0,16796.0,10050.0,35807.0,0.9366958814482068,0.874172993823393,6.732641571296964
S40-S49,Injuries to the shoulder & upper arm,2021,covid_peak,46308.0,35018.0,2135.0,4.77800667059054,26.5231650182197,6425.0,18461.0,10909.0,25138.0,0.7561976332383173,0.54284356914572,1.9613575103608518
S50-S59,Injuries to the elbow & forearm,2021,covid_peak,64429.0,44396.0,4746.0,2.16585459797785,7.32995274864585,15120.0,27656.0,12908.0,17952.0,0.6890685871269149,0.2786322929115771,0.41583706631896633
S60-S69,Injuries to the wrist & hand,2021,covid_peak,82189.0,47580.0,5800.0,0.843137992662967,11.1579144318324,10028.0,58851.0,9402.0,7381.0,0.5789095864410079,0.08980520507610508,0.04383398046585756
S70-S79,Injuries to the hip & thigh,2021,covid_peak,86791.0,80613.0,934.0,14.4833239647742,44.4915458937198,2644.0,12366.0,22347.0,95975.0,0.9288175041190907,1.1058174234655667,14.875859400690528
S80-S89,Injuries to the knee & lower leg,2021,covid_peak,79610.0,62630.0,2782.0,5.61481214573777,59.5083534842823,6307.0,50767.0,17704.0,25772.0,0.7867102122848888,0.32372817485240546,1.4299818236449648
S90-S99,Injuries to the ankle & foot,2021,covid_peak,16126.0,12722.0,706.0,2.69767932489451,32.0736714975845,2181.0,9863.0,2889.0,4154.0,0.7889123155153169,0.25759642812848815,0.548225075471923
T00-T07,Injuries involving multiple body regions,2021,covid_peak,4188.0,3738.0,83.0,6.23543245361902,13.656976744186,597.0,2286.0,823.0,1681.0,0.8925501432664756,0.40138490926456544,2.2338820759799507
T08-T14,Injuries to unspecified part of trunk limb or body,2021,covid_peak,1237.0,1161.0,23.0,3.23137598597721,80.4705882352941,199.0,511.0,204.0,594.0,0.9385610347615198,0.4801940177849636,1.4563533483644011
T15-T19,Effects of foreign body entering through natural orifice,2021,covid_peak,18568.0,14981.0,340.0,1.21626856036152,28.8582375478927,6816.0,10798.0,2623.0,2404.0,0.8068181818181818,0.12947005601034037,0.12704994844303594
T20-T32,Burns and corrosions,2021,covid_peak,10717.0,8356.0,898.0,4.09793547048449,7.52760736196319,4763.0,4829.0,1212.0,1226.0,0.7796958103947,0.11439768591956705,0.36551697883579626
T33-T35,Frostbite,2021,covid_peak,26.0,22.0,0.0,13.6818181818182,13.75,1.0,29.0,2.0,3.0,0.8461538461538461,0.11538461538461539,1.335798816568049
T36-T50,Poisonings by drugs medicaments & biological substances,2021,covid_peak,95600.0,95195.0,85.0,1.84689903799811,41.3684210526316,11539.0,98856.0,9424.0,7101.0,0.9957635983263599,0.07427824267782426,0.1366032466607898
T51-T65,Tox. effcts. of substnces. chiefly non-medicinal as to source,2021,covid_peak,5868.0,4404.0,1388.0,2.42796248934356,236.46,1099.0,4055.0,1287.0,880.0,0.7505112474437627,0.1499659168370825,0.27326986670569714
T66-T78,Other and unspecified effects of external causes,2021,covid_peak,17066.0,12592.0,3222.0,1.26023610280932,74.6631330977621,5132.0,9985.0,2374.0,1874.0,0.7378413219266378,0.10980897691316067,0.10210634629066018
T79-T79,Certain early complications of trauma,2021,covid_peak,3408.0,3156.0,57.0,9.68731066980815,61.2739726027397,68.0,1521.0,1119.0,3552.0,0.926056338028169,1.0422535211267605,9.350051589754324
T80-T88,Complications of surgical & medical care nec.,2021,covid_peak,204761.0,123669.0,13381.0,5.11596690458779,107.470914127424,12073.0,102593.0,70843.0,75285.0,0.6039675524147665,0.367672554832219,1.1360633419090962
U00-U49,Provisional assignment of new diseases of uncertain etiology,2021,covid_peak,151649.0,137026.0,3037.0,8.59278773778568,10.0809178743961,12338.0,118806.0,69825.0,91846.0,0.9035733832732165,0.605648570053215,4.702385281101595
U80-U89,Bacterial agents resistant to antibiotics,2021,covid_peak,1.0,1.0,0.0,8.0,,0.0,0.0,1.0,0.0,1.0,0.0,0.0
Z00-Z13,Examination and investigation,2021,covid_peak,215820.0,25876.0,74417.0,1.30080902181907,106.289144844073,48994.0,73983.0,62831.0,39300.0,0.11989620980446669,0.1820961912705032,0.02840009918379019
Z20-Z29,Potential health hazards related to communicable diseases,2021,covid_peak,15901.0,442.0,6811.0,1.97874080130826,55.0135317997294,2088.0,5099.0,5483.0,3621.0,0.02779699389975473,0.2277215269479907,0.01252537761807608
Z30-Z39,Health services in circumstances related to reproduction,2021,covid_peak,515672.0,5282.0,2356.0,0.991305814960422,158.134405899112,394315.0,122205.0,101.0,7.0,0.010242945127910765,1.3574520237670457e-05,1.3783419978848812e-07
Z40-Z54,Persons encountering health services for specific care,2021,covid_peak,102147.0,11838.0,24584.0,3.421735554811,101.726889151587,9884.0,45387.0,27545.0,21549.0,0.1158918029898088,0.2109606743223002,0.08365668805023102
Z55-Z65,Potential health hazards reltd. to socioeconomic & psychosoc.l,2021,covid_peak,744.0,611.0,16.0,5.97246558197747,21.6666666666667,457.0,186.0,125.0,266.0,0.821236559139785,0.3575268817204301,1.7536003822271187
Z70-Z76,Persons encountering health services in other circs.,2021,covid_peak,16375.0,5873.0,4634.0,2.96438269655826,51.8510888758093,7068.0,7231.0,1471.0,3820.0,0.35865648854961835,0.2332824427480916,0.24802474740150637
Z80-Z99,Persons with potential health hazards related to family,2021,covid_peak,8374.0,170.0,6188.0,7.56182212581345,21.9217712177122,1558.0,2644.0,2542.0,1683.0,0.02030093145450203,0.20097922139957008,0.03085272879691485
A00-A09,Intestinal infectious diseases,2022,post_covid,136169.0,104974.0,2840.0,3.478135,39.588144,36039.0,67521.0,35200.0,46426.0,0.7709096784143233,0.3409439740322687,0.9141826016147506
A15-A19,Tuberculosis,2022,post_covid,2199.0,1346.0,196.0,19.603932,16.30022,228.0,3555.0,853.0,351.0,0.6120964074579355,0.15961800818553887,1.9153357064968761
A20-A49,Certain bacterial diseases,2022,post_covid,160.0,113.0,22.0,6.603773,4.210526,22.0,142.0,54.0,46.0,0.70625,0.2875,1.340875470859375
A20-A49,Certain bacterial diseases,2022,post_covid,119228.0,113026.0,2346.0,11.454655,41.523229,11579.0,45927.0,68788.0,128279.0,0.9479820176468615,1.0759133760526052,11.683135654460484
A50-A64,Infections with predominantly sexual mode of transmission,2022,post_covid,2315.0,925.0,223.0,3.160787,84.569849,0.0,1.0,0.0,0.0,0.39956803455723544,0.0,0.0
A65-A79,Other infectious and parasitic disorders,2022,post_covid,419.0,193.0,64.0,3.55691,26.959677,89.0,264.0,82.0,50.0,0.4606205250596659,0.11933174224343675,0.19551142622792075
A65-A79,Other infectious and parasitic disorders,2022,post_covid,57.0,53.0,0.0,2.830508,15.0,0.0,13.0,5.0,0.0,0.9298245614035088,0.0,0.0
A65-A79,Other infectious and parasitic disorders,2022,post_covid,27.0,24.0,0.0,4.666666,1.0,4.0,28.0,2.0,0.0,0.8888888888888888,0.0,0.0
A90-A99,Arthropod-borne viral fevers & viral haemorrhagic fevers,2022,post_covid,218.0,176.0,8.0,2.594202,10.821428,15.0,256.0,17.0,11.0,0.8073394495412844,0.05045871559633028,0.1056808154195775
B00-B09,Viral infections characterized by skin & mucous mem. lesns.,2022,post_covid,15856.0,12155.0,411.0,3.957832,54.168998,8596.0,4900.0,2559.0,3359.0,0.7665867810292634,0.21184409687184663,0.6427395853869552
B15-B19,Viral hepatitis,2022,post_covid,2495.0,1843.0,150.0,4.944083,29.370748,416.0,2232.0,645.0,262.0,0.7386773547094189,0.10501002004008016,0.3835052199594379
B20-B24,Human immunodeficiency virus [HIV] disease,2022,post_covid,1563.0,703.0,178.0,19.386437,24.850746,0.0,0.0,0.0,0.0,0.44977607165706973,0.0,0.0
B25-B34,Other viral diseases,2022,post_covid,84854.0,83090.0,637.0,0.959872,46.599337,71973.0,15827.0,2438.0,1952.0,0.979211351262168,0.02300421901147854,0.021622069360617304
B35-B49,Mycoses,2022,post_covid,8446.0,3258.0,1144.0,6.792594,32.556321,1074.0,3886.0,2962.0,2477.0,0.3857447312337201,0.2932749230404925,0.7684411080150987
B50-B64,Protozoal diseases,2022,post_covid,2157.0,1789.0,110.0,6.732475,17.082474,239.0,2198.0,730.0,344.0,0.8293926750115902,0.15948076031525266,0.8905191074160118
B65-B83,Helminthiases,2022,post_covid,663.0,239.0,41.0,3.449044,52.646302,166.0,486.0,73.0,21.0,0.36048265460030166,0.03167420814479638,0.039381193478157016
B85-B99,Other infectious and parasitic diseases,2022,post_covid,300.0,274.0,10.0,5.503225,13.5,104.0,147.0,73.0,147.0,0.9133333333333333,0.49,2.462876628333333
B85-B99,Other infectious and parasitic diseases,2022,post_covid,16.0,8.0,0.0,5.428571,,7.0,6.0,4.0,5.0,0.5,0.3125,0.8482142187499999
B85-B99,Other infectious and parasitic diseases,2022,post_covid,9009.0,8482.0,244.0,6.704961,15.931034,321.0,3013.0,3805.0,9316.0,0.9415029415029414,1.034077034077034,6.527859977442322
C00-C14,Malignant neoplasm of lip-oral cavity and pharynx,2022,post_covid,27675.0,2639.0,11146.0,7.570568,26.306738,345.0,12098.0,13832.0,3999.0,0.09535682023486902,0.14449864498644988,0.10431433648114023
C15-C26,Malignant neoplasm of digestive organs,2022,post_covid,295461.0,28669.0,149611.0,9.548128,26.438581,576.0,85658.0,155684.0,97542.0,0.09703141869823767,0.3301349416674282,0.30585959308977273
C30-C39,Malignant neoplasms of respiratory & intrathoracic organs,2022,post_covid,111768.0,13707.0,57501.0,8.539686,25.103829,214.0,23184.0,66934.0,40522.0,0.12263796435473481,0.36255457733877317,0.37969967717002484
C40-C41,Malignant neoplasm of bone and articular cartilage,2022,post_covid,7539.0,709.0,4525.0,6.756438,29.858103,2610.0,4049.0,858.0,495.0,0.09404430295795198,0.06565857540787903,0.04171975442145729
C43-C44,Malignant neoplasms of skin,2022,post_covid,154916.0,1554.0,10266.0,3.720403,70.982696,67.0,24291.0,47208.0,85045.0,0.010031242737999949,0.5489749283482661,0.020487890120623447
C45-C49,Malignant neoplasms of mesothelial and soft tissue,2022,post_covid,23616.0,2229.0,13506.0,7.09724,32.308776,2755.0,5562.0,9042.0,8420.0,0.09438516260162602,0.3565379403794038,0.23883555026167325
C50-C50,Malignant neoplasm of breast,2022,post_covid,256441.0,4020.0,161446.0,2.770924,32.967469,13.0,135779.0,89168.0,33868.0,0.015676120433160065,0.13206936488315052,0.005736741686135624
C51-C58,Malignant neoplasms of female genital organs,2022,post_covid,73105.0,5073.0,38030.0,5.559825,32.124055,257.0,26860.0,33330.0,17756.0,0.06939333834895015,0.2428835236987894,0.09370806234190492
C60-C63,Malignant neoplasms of male genital organs,2022,post_covid,88781.0,4934.0,30926.0,4.044414,40.618829,141.0,15915.0,47731.0,29342.0,0.05557495410053953,0.33049864272761065,0.07428555938612146
C64-C68,Malignant neoplasms of urinary tract,2022,post_covid,93724.0,5584.0,38102.0,4.531128,41.085386,2988.0,16042.0,40492.0,40873.0,0.05957918996201613,0.43609961162562416,0.11772985928011111
C69-C72,"Malignant neoplasms of eye, brain & other parts of CNS",2022,post_covid,21938.0,4601.0,10084.0,8.473017,29.184698,10829.0,8291.0,5453.0,2753.0,0.2097274136202024,0.12549001732154252,0.2229987651331219
"C73-C80, C97",Malignant neoplsm. of thyroid and oth. endo. Glands etc,2022,post_covid,11337.0,692.0,5088.0,3.529673,47.948,2567.0,5864.0,2239.0,1149.0,0.06103907559319044,0.10134956337655464,0.021835558406025714
"C73-C80, C97",Malignant neoplsm. of thyroid and oth. endo. Glands etc,2022,post_covid,180357.0,28982.0,97580.0,7.790537,48.278437,1538.0,61985.0,90272.0,57677.0,0.16069240450883526,0.31979352062853117,0.4003431519214753
C81-C96,"Malignant neoplasms of lymphoid, haematopoietic & rel. tiss.",2022,post_covid,408069.0,20461.0,278917.0,11.47047,44.573668,26873.0,112342.0,164794.0,122386.0,0.050141030070894876,0.2999149653612502,0.17249344743661602
C97-C97,Malignant neoplasms of independent (primary) multiple sites,2022,post_covid,27962.0,712.0,10180.0,6.114379,67.279014,165.0,7429.0,9703.0,11747.0,0.02546312853157857,0.4201058579500751,0.06540679286769074
D00-D48,In situ & benign neoplasms and others of uncertainty,2022,post_covid,33153.0,186.0,2366.0,1.954191,38.04468,6.0,11045.0,10789.0,10769.0,0.0056103520043434985,0.32482731577836094,0.003561309045062919
D00-D48,In situ & benign neoplasms and others of uncertainty,2022,post_covid,320199.0,9574.0,38116.0,3.362022,68.15845,8948.0,141999.0,117347.0,56379.0,0.029900155840586636,0.17607487843497324,0.01769992393945698
D00-D48,In situ & benign neoplasms and others of uncertainty,2022,post_covid,106356.0,6542.0,56329.0,6.058422,53.767646,1879.0,21042.0,38211.0,50530.0,0.06151039903719583,0.4751024859904472,0.17704977052358906
D50-D64,Anaemias,2022,post_covid,177946.0,42101.0,40441.0,2.728661,27.167155,1791.0,69458.0,51410.0,73767.0,0.23659424769312037,0.41454710979735426,0.2676256017030542
D50-D64,Anaemias,2022,post_covid,55238.0,14086.0,22619.0,3.562335,29.420158,11421.0,42386.0,3961.0,2935.0,0.25500561207864153,0.05313371229950396,0.048267483420846725
D50-D64,Anaemias,2022,post_covid,108577.0,26804.0,31393.0,3.330366,30.993702,4698.0,32996.0,34846.0,48616.0,0.2468662792304079,0.4477559704173075,0.3681248380202577
D65-D89,Diseases of the blood and blood-forming organs,2022,post_covid,29139.0,8632.0,12783.0,3.005263,48.575757,6379.0,11153.0,7039.0,6984.0,0.29623528604276056,0.23967878101513435,0.21337761666357982
D65-D89,Diseases of the blood and blood-forming organs,2022,post_covid,24182.0,6345.0,11068.0,5.08182,76.160033,3470.0,11489.0,7860.0,3882.0,0.26238524522372014,0.16053262757422876,0.21405333662555
D65-D89,Diseases of the blood and blood-forming organs,2022,post_covid,25192.0,1101.0,15663.0,8.309696,88.527585,1736.0,11649.0,7709.0,4497.0,0.04370435058748809,0.17850905049221974,0.06482910817186945
E00-E07,Disorders of thyroid gland,2022,post_covid,16653.0,4219.0,2156.0,2.828308,117.464437,1219.0,11474.0,3754.0,2271.0,0.2533477451510238,0.13637182489641506,0.09771661123675006
E10-E14,Diabetes Mellitus,2022,post_covid,61796.0,52975.0,2616.0,6.718691,41.615129,5899.0,49776.0,25441.0,21217.0,0.8572561330830475,0.34333937471681014,1.9775108755286424
E15-E90,Endocrine nutritional and metabolic diseases,2022,post_covid,13538.0,11716.0,663.0,5.858417,65.678385,2769.0,5838.0,4969.0,8559.0,0.8654158664499926,0.6322204166051115,3.2053366641382666
E15-E90,Endocrine nutritional and metabolic diseases,2022,post_covid,31825.0,5979.0,10461.0,5.007478,101.80264,7174.0,16819.0,7456.0,5304.0,0.18787117046347213,0.16666142969363706,0.15678853208299068
E15-E90,Endocrine nutritional and metabolic diseases,2022,post_covid,784.0,641.0,43.0,25.340229,29.681818,44.0,1329.0,718.0,431.0,0.8176020408163265,0.5497448979591837,11.389737358878786
E15-E90,Endocrine nutritional and metabolic diseases,2022,post_covid,11499.0,2544.0,3186.0,7.535703,32.094836,457.0,6518.0,3068.0,3148.0,0.22123662927211063,0.2737629359074702,0.4564103204907143
E15-E90,Endocrine nutritional and metabolic diseases,2022,post_covid,8970.0,651.0,1024.0,3.976757,199.669087,578.0,7786.0,1386.0,306.0,0.0725752508361204,0.03411371237458194,0.009845699649668348
E15-E90,Endocrine nutritional and metabolic diseases,2022,post_covid,196655.0,82393.0,68719.0,5.284297,65.694601,8242.0,85528.0,77443.0,82157.0,0.4189723119168086,0.4177722407261448,0.9249369335946351
F00-F03,Dementia,2022,post_covid,35637.0,32979.0,448.0,20.41442,10.494531,84.0,3670.0,12271.0,69749.0,0.9254145971883155,1.9572073968066896,36.97517512449903
F10-F19,Mental and behavioural disorders due to psychoactive subst.,2022,post_covid,38708.0,36678.0,1135.0,7.912963,64.299065,403.0,54523.0,12032.0,2295.0,0.9475560607626331,0.05929006923633357,0.4445555190918382
F20-F29,"Schizophrenia, schizotypal and delusional disorders",2022,post_covid,14696.0,10819.0,1914.0,81.711826,59.0,102.0,19242.0,3495.0,1531.0,0.7361867174741427,0.1041780076211214,6.2668448171238404
F30-F39,Mood [affective] disorders,2022,post_covid,12772.0,9749.0,1345.0,36.57041,96.202479,266.0,11905.0,4366.0,2778.0,0.7633103664265581,0.21750704666457876,6.071616344632805
F40-F69,"Neurotic, behavioural & personality disorders",2022,post_covid,17684.0,15220.0,702.0,8.8048,72.636666,732.0,16154.0,3333.0,2452.0,0.8606650079167609,0.1386564125763402,1.0507359736316377
F40-F69,"Neurotic, behavioural & personality disorders",2022,post_covid,5270.0,3831.0,486.0,24.231572,113.041275,1832.0,5932.0,333.0,71.0,0.7269449715370019,0.013472485768500948,0.23731809841867432
F40-F69,"Neurotic, behavioural & personality disorders",2022,post_covid,6603.0,3571.0,905.0,36.084388,107.428678,19.0,6110.0,286.0,78.0,0.5408147811600788,0.011812812358019082,0.23052668350177175
F70-F79,Mental retardation,2022,post_covid,265.0,130.0,53.0,419.724137,110.5,41.0,324.0,54.0,5.0,0.49056603773584906,0.018867924528301886,3.884951072267711
F80-F99,Other mental and behavioural disorders,2022,post_covid,2589.0,708.0,669.0,51.126908,100.62038,1967.0,815.0,88.0,75.0,0.2734646581691773,0.028968713789107765,0.4050232450598777
F80-F99,Other mental and behavioural disorders,2022,post_covid,1001.0,668.0,117.0,14.435632,91.576923,586.0,512.0,28.0,28.0,0.6673326673326674,0.027972027972027972,0.26946486173965895
F80-F99,Other mental and behavioural disorders,2022,post_covid,338.0,313.0,6.0,13.957746,42.333333,27.0,365.0,43.0,40.0,0.9260355029585798,0.11834319526627218,1.5296293890269947
G00-G09,Inflammatory diseases of the central nervous system,2022,post_covid,7613.0,5703.0,795.0,17.806332,25.276649,1956.0,7199.0,3426.0,1997.0,0.7491133587284907,0.26231446210429527,3.4990024246415006
"G10-G14, G30-G32",Other degenerative diseases (incl. Alzheimer).,2022,post_covid,5635.0,1054.0,2374.0,13.928328,53.572857,1079.0,2230.0,2749.0,1659.0,0.1870452528837622,0.29440993788819875,0.7670049056185001
G20-G26,Extrapyramidal & movement disorders (incl. Parkinsonism).,2022,post_covid,12714.0,5463.0,2835.0,15.464757,83.454275,1124.0,4102.0,6775.0,9122.0,0.42968381311939596,0.7174767972313985,4.767601574079304
G30-G32,Other degenerative diseases (incl. Alzheimer).,2022,post_covid,5648.0,4591.0,341.0,36.388029,93.107011,117.0,1034.0,2749.0,10336.0,0.8128541076487252,1.8300283286118981,54.12886858884291
G35-G37,Demyelinating diseases (incl Multiple Sclerosis) of the CNS.,2022,post_covid,63962.0,2717.0,43359.0,9.067138,56.201449,345.0,60676.0,5657.0,713.0,0.04247834651824521,0.011147243675932585,0.004293439265712923
G40-G47,"Epilepsy, migraine & other episodic disorders",2022,post_covid,116215.0,74193.0,11768.0,2.741348,104.072926,24626.0,74897.0,24173.0,24760.0,0.6384115647721895,0.213053392419223,0.37286650322870696
"G50-G73,  G90-G99",Other diseases & disorders of the nervous syst.,2022,post_covid,69659.0,7129.0,2930.0,2.992865,119.125592,849.0,36331.0,20116.0,15695.0,0.10234140599204697,0.2253118764265924,0.06901167859195027
"G50-G73,  G90-G99",Other diseases & disorders of the nervous syst.,2022,post_covid,33411.0,2868.0,21077.0,17.557703,103.186057,286.0,15999.0,14270.0,6740.0,0.085839992816737,0.20172996917182964,0.3040379482788671
"G50-G73,  G90-G99",Other diseases & disorders of the nervous syst.,2022,post_covid,8751.0,1439.0,4352.0,11.016886,74.437886,1428.0,5127.0,2395.0,1784.0,0.16443834990286824,0.20386241572391728,0.36931685772550454
G80-G83,Cerebral palsy & other paralytic syndromes,2022,post_covid,13434.0,4084.0,4273.0,12.171462,136.627455,3531.0,7655.0,2694.0,2309.0,0.30400476403156174,0.171877326187286,0.635977463028587
G90-G99,Other diseases & disorders of the nervous syst.,2022,post_covid,24789.0,13059.0,2957.0,10.099033,86.88938,2841.0,18647.0,8284.0,5648.0,0.5268062447053128,0.22784299487675985,1.2121779682339202
"H00-H06, H15-H22, H30-H36, H43-H59",Other disorders of the eye etc,2022,post_covid,48870.0,6939.0,2042.0,2.076125,109.484805,6605.0,14176.0,13014.0,16277.0,0.1419889502762431,0.33306732146511153,0.09818385300752816
H10-H13,Disorders of conjunctiva (including conjunctivitis),2022,post_covid,5967.0,1895.0,157.0,1.332853,96.893887,1334.0,2400.0,1309.0,1077.0,0.3175800234623764,0.1804927099044746,0.07640030559943271
H15-H22,"Disorders of sclera, cornea, iris and ciliary body",2022,post_covid,14289.0,1617.0,1356.0,3.787272,109.040763,780.0,7904.0,2798.0,3053.0,0.11316397228637413,0.21366085800265938,0.09157135673317077
H25-H28,Disorders of lens (including cataracts),2022,post_covid,655319.0,359.0,96897.0,1.560406,75.279407,547.0,46098.0,233839.0,377976.0,0.0005478247998303116,0.5767816895283061,0.0004930497752114742
H30-H36,Disorders of choroid and retina,2022,post_covid,145290.0,7136.0,80499.0,0.673113,57.963994,839.0,26640.0,44600.0,74158.0,0.0491155619794893,0.5104136554477252,0.016874440450881472
H40-H42,Glaucoma,2022,post_covid,22988.0,791.0,518.0,1.51116,73.120938,216.0,4690.0,8413.0,9776.0,0.03440925700365408,0.42526535583782843,0.022112902390210687
H43-H45,Disorders of vitreous body and globe,2022,post_covid,7128.0,1205.0,306.0,2.897243,59.147464,125.0,2628.0,2488.0,2034.0,0.1690516273849607,0.28535353535353536,0.13976149439647598
H46-H48,Disorders of optic nerve and visual pathways,2022,post_covid,4263.0,2632.0,589.0,1.96875,48.02,869.0,3396.0,441.0,250.0,0.6174055829228243,0.058644147314098054,0.07128297216627437
H49-H52,"Disorders of ocular muscles, binocular movement, accommodation and",2022,post_covid,13678.0,1416.0,499.0,2.400372,185.004179,6275.0,5354.0,1709.0,1003.0,0.10352390700394795,0.07332943412779647,0.018222062828336688
H53-H54,Visual disturbances and blindness,2022,post_covid,6904.0,5543.0,289.0,1.375718,81.679894,527.0,3725.0,2013.0,1870.0,0.8028679026651216,0.27085747392815757,0.299167449789381
H55-H59,Other disorders of eye and adnexa,2022,post_covid,6765.0,1978.0,1545.0,0.841312,71.481679,837.0,1994.0,1924.0,2181.0,0.2923872875092387,0.32239467849223946,0.07930552316996146
H60-H95,Diseases of the ear and mastoid process,2022,post_covid,13750.0,9207.0,355.0,2.697095,106.581703,2042.0,7370.0,2571.0,2795.0,0.6696,0.20327272727272727,0.36710542542109087
H60-H95,Diseases of the ear and mastoid process,2022,post_covid,32188.0,9914.0,659.0,1.414179,157.180637,16923.0,12215.0,2767.0,1279.0,0.3080029824779421,0.03973530508263949,0.017307560467878236
H60-H95,Diseases of the ear and mastoid process,2022,post_covid,10780.0,9421.0,111.0,2.1533,191.119144,128.0,5370.0,4499.0,5013.0,0.8739332096474953,0.4650278293135436,0.875108147181271
H60-H95,Diseases of the ear and mastoid process,2022,post_covid,9643.0,3426.0,554.0,0.706398,163.011489,2641.0,4448.0,1645.0,1107.0,0.3552836254277714,0.11479829928445505,0.028811117720155974
I00-I09,Rheumatic heart disease,2022,post_covid,65.0,33.0,11.0,6.893617,92.0,20.0,54.0,7.0,4.0,0.5076923076923077,0.06153846153846154,0.21537454295857988
I00-I09,Rheumatic heart disease,2022,post_covid,11810.0,2469.0,645.0,11.572695,77.016363,72.0,2514.0,5445.0,10576.0,0.20906011854360712,0.8955122777307367,2.166592543870097
I10-I15,Hypertensive diseases,2022,post_covid,37688.0,33700.0,1076.0,1.897329,55.809369,586.0,21419.0,12420.0,13624.0,0.8941838250902144,0.36149437486733177,0.6132972229367076
I20-I25,Ischaemic heart diseases,2022,post_covid,218094.0,127356.0,3930.0,5.544364,73.199739,80.0,86646.0,139889.0,119921.0,0.5839500398910562,0.5498592350087577,1.780241623252935
I26-I28,Pulmonary heart disease & diseases of pulmonary circulation,2022,post_covid,43081.0,35066.0,3541.0,5.740698,57.25611,365.0,22502.0,24916.0,28716.0,0.8139551078201528,0.6665583435853393,3.1146074816397507
I30-I52,Other forms of heart disease,2022,post_covid,316262.0,201873.0,15920.0,6.986078,90.527949,3217.0,90724.0,150235.0,292056.0,0.6383093764031088,0.9234621927389316,4.117975648040895
I60-I69,Cerebrovascular diseases,2022,post_covid,116074.0,99036.0,2254.0,15.791986,45.674183,758.0,41367.0,66234.0,125160.0,0.8532143287902545,1.078277650464359,14.528657784728086
I70-I79,"Diseases of arteries, arterioles & capillaries",2022,post_covid,57480.0,22633.0,6676.0,9.497951,54.10363,461.0,17461.0,29221.0,28976.0,0.39375434933890047,0.5041057759220599,1.885284783181796
I80-I89,Diseases of veins & lymphatic system nec.,2022,post_covid,116173.0,71792.0,6685.0,4.044443,113.979009,5673.0,49220.0,38772.0,60426.0,0.6179749167190312,0.5201380699474061,1.300014536672985
I95-I99,Other & unspecified disorders of the circulatory system,2022,post_covid,5894.0,1503.0,1482.0,8.486794,78.599487,25.0,4016.0,2973.0,1039.0,0.25500508992195453,0.17628096369189006,0.38150297219829477
J00-J06,Acute upper respiratory infections,2022,post_covid,139201.0,119706.0,1382.0,0.744245,133.222096,96095.0,44975.0,3323.0,2182.0,0.8599507187448366,0.01567517474730785,0.010032331646114983
J09-J18,Influenza & pneumonia,2022,post_covid,269482.0,261695.0,2149.0,8.453177,22.211192,23265.0,90778.0,137807.0,311964.0,0.9711038214055113,1.1576431821049273,9.502991573901788
J20-J22,Other acute lower respiratory infections,2022,post_covid,161332.0,156188.0,1535.0,2.8389,27.325381,92150.0,35571.0,26847.0,57602.0,0.96811543897057,0.35704014082761015,0.9812830246955839
J30-J39,Other diseases of upper respiratory tract,2022,post_covid,89246.0,19349.0,4368.0,1.779753,137.174593,15575.0,59035.0,12863.0,5250.0,0.216805234968514,0.058826165878582796,0.022698650680056453
J40-J47,Chronic lower respiratory diseases,2022,post_covid,187584.0,169042.0,9087.0,4.860751,55.885993,16917.0,80528.0,110724.0,118276.0,0.9011536165131354,0.6305228590924599,2.761868776823738
J60-J70,Lung diseases due to external agents,2022,post_covid,28595.0,27495.0,377.0,13.642398,37.829181,652.0,11723.0,17395.0,45237.0,0.9615317363175381,1.5819898583668472,20.75190800903009
J80-J99,Other diseases of the respiratory system,2022,post_covid,18345.0,9397.0,4466.0,8.267493,55.451428,267.0,8131.0,9692.0,12514.0,0.5122376669392205,0.6821477241755247,2.8888419444270808
J80-J99,Other diseases of the respiratory system,2022,post_covid,5222.0,3326.0,381.0,14.76179,25.224887,919.0,4914.0,3761.0,3181.0,0.6369207200306396,0.609153581003447,5.727316741090085
J80-J99,Other diseases of the respiratory system,2022,post_covid,35131.0,21355.0,3759.0,6.401116,18.537798,466.0,15801.0,17103.0,23695.0,0.6078676951979733,0.6744755344282827,2.6244056378618414
J80-J99,Other diseases of the respiratory system,2022,post_covid,26638.0,15203.0,2551.0,8.964178,26.939923,3056.0,12024.0,16210.0,14670.0,0.5707260304827689,0.5507170207973572,2.817517692299564
K00-K14,"Diseases of oral cavity, salivary glands & jaws",2022,post_covid,196137.0,19979.0,7747.0,1.896751,113.577389,48150.0,113958.0,25848.0,12398.0,0.10186247367911205,0.06321091889852501,0.012212839340805961
K20-K31,"Diseases of oesophagus, stomach & duodenum",2022,post_covid,426875.0,61575.0,53338.0,4.123171,46.912949,11338.0,203714.0,149908.0,106965.0,0.14424597364568081,0.25057686676427526,0.14903079582909023
K35-K38,Diseases of appendix,2022,post_covid,46132.0,43447.0,490.0,3.099778,76.892235,9107.0,39224.0,6195.0,3097.0,0.9417974507933755,0.0671334431630972,0.19598689126990868
K40-K46,Hernia,2022,post_covid,192410.0,33215.0,6049.0,3.058595,115.369749,7138.0,88732.0,63390.0,44547.0,0.17262616288134713,0.23152123070526479,0.12224170924412048
K50-K52,Noninfective enteritis & colitis,2022,post_covid,327693.0,29568.0,131804.0,6.033374,73.545249,14348.0,251751.0,61060.0,26717.0,0.0902307952870522,0.08153057892600696,0.04438493199327295
K55-K63,Other diseases of intestines,2022,post_covid,615059.0,160540.0,49179.0,4.88452,55.816865,18395.0,295663.0,203890.0,163930.0,0.26101560988458017,0.26652727624504313,0.3398052106162936
K65-K67,Diseases of peritoneum,2022,post_covid,8346.0,5136.0,497.0,9.462561,149.833038,311.0,6545.0,3934.0,2693.0,0.6153846153846154,0.32266954229571054,1.8789416780401484
K70-K77,Diseases of liver,2022,post_covid,58105.0,29931.0,9176.0,10.681297,44.326976,1060.0,57042.0,35132.0,12707.0,0.5151191807933913,0.21869030203941142,1.2032648685044263
K80-K87,"Disorders of gall bladder, biliary tract & pancreas",2022,post_covid,218459.0,122703.0,7904.0,5.232429,119.678787,1184.0,144002.0,78092.0,72463.0,0.5616751884793028,0.33170068525444135,0.9748436171151657
K90-K93,Other diseases of the digestive system,2022,post_covid,125771.0,59038.0,4444.0,4.933334,37.852099,6088.0,71735.0,36672.0,48629.0,0.46940868721724405,0.386647160315176,0.8953780983001461
L00-L14  L55-L99,Other infections and disorders of the skin,2022,post_covid,167933.0,139526.0,8870.0,3.789042,91.989627,12796.0,107655.0,45860.0,59540.0,0.8308432529639797,0.35454615828931774,1.1161467541377568
L00-L14  L55-L99,Other infections and disorders of the skin,2022,post_covid,2214.0,698.0,774.0,13.609649,31.292114,54.0,906.0,846.0,1413.0,0.3152664859981933,0.6382113821138211,2.738352015837868
L20-L30,Dermatitis and eczema,2022,post_covid,13386.0,8369.0,1528.0,2.15028,51.462546,4813.0,5844.0,2538.0,2288.0,0.6252054385178545,0.17092484685492304,0.22978568091806076
L40-L45,Papulosquamous disorders (including Psoriasis),2022,post_covid,8588.0,1189.0,3722.0,6.024174,55.392741,244.0,5698.0,2574.0,932.0,0.13844899860270143,0.10852352119236143,0.09051305069681614
L50-L54,Urticaria and erythems,2022,post_covid,9508.0,4785.0,2814.0,1.635246,45.746436,2804.0,5592.0,1354.0,829.0,0.5032604122843921,0.08718973496003365,0.07175319137835172
L55-L59,Radiation-related disorders of the skin and subcutaneous tissue,2022,post_covid,14662.0,317.0,266.0,2.177024,48.867954,117.0,2111.0,4389.0,8068.0,0.02162051561860592,0.5502659937252762,0.025900129660853692
L60-L75,Disorders of skin appendages,2022,post_covid,47526.0,15014.0,1567.0,0.59347,113.9836,2547.0,32461.0,9492.0,4320.0,0.31591129066195345,0.09089761393763414,0.017041836768310524
L80-L99,Other disorders of the skin and subcutaneous tissue,2022,post_covid,92528.0,17033.0,3072.0,11.137363,72.461278,3554.0,35283.0,29024.0,41265.0,0.18408481756873596,0.4459731108421235,0.9143427398050009
M00-M25,Arthropathies,2022,post_covid,487516.0,62006.0,62045.0,3.227586,168.841946,15022.0,183433.0,181816.0,138831.0,0.12718762050886534,0.284772192092157,0.11690154305575945
M30-M36,Systemic connective tissue disorders,2022,post_covid,30296.0,4706.0,15561.0,6.33247,57.221949,2368.0,18323.0,8073.0,4938.0,0.15533403749669925,0.1629918141008714,0.16032659354116577
M40-M54,Dorsopathies,2022,post_covid,250836.0,77344.0,20626.0,3.970974,177.152644,3955.0,135918.0,77402.0,63302.0,0.3083448946722161,0.25236409446809865,0.3090020570928703
M60-M79,Soft tissue disorders,2022,post_covid,217004.0,104661.0,13190.0,1.598417,146.230283,8108.0,106433.0,67000.0,51307.0,0.48229986544026837,0.23643342979852905,0.18227038584644828
M80-M94,Osteopathies and chondropathies,2022,post_covid,96729.0,25501.0,32701.0,9.091498,97.10239,4617.0,33472.0,34325.0,42821.0,0.2636334501545555,0.4426904030849073,1.0610505332701443
M95-M99,Other disorders of the musculoskeletal system & conn. tiss.,2022,post_covid,10942.0,7344.0,409.0,18.106594,214.620906,135.0,2385.0,3068.0,11065.0,0.6711752878815573,1.0112410893803692,12.289308009886863
"N00-N08, N10-N16",Diseases of the kidney,2022,post_covid,10465.0,3319.0,2421.0,5.355881,82.379162,2613.0,5542.0,2729.0,1887.0,0.3171524128045867,0.18031533683707596,0.306289145527003
N10-N16,Renal tubulo-interstitial diseases,2022,post_covid,80546.0,55827.0,7235.0,3.775235,78.943768,3691.0,56660.0,26663.0,22190.0,0.693107044421821,0.275494748342562,0.7208711218122933
N17-N19,Renal failure,2022,post_covid,101013.0,60028.0,17527.0,7.903223,105.267361,4419.0,41671.0,47857.0,72212.0,0.5942601447338461,0.714878282993278,3.3574762148520776
N20-N23,Urolithiasis,2022,post_covid,79960.0,26552.0,7064.0,1.485055,93.349305,487.0,51667.0,22525.0,10749.0,0.3320660330165083,0.13442971485742872,0.06629217524120365
N25-N29,Other disorders of kidney & ureter,2022,post_covid,6473.0,1916.0,710.0,4.012461,63.872977,563.0,2821.0,2544.0,1839.0,0.29599876409701836,0.28410319789896493,0.33742467958597055
N30-N39,Other diseases of the urinary system,2022,post_covid,215286.0,128621.0,15231.0,6.304107,105.013948,17060.0,72467.0,68907.0,156845.0,0.5974424718746226,0.7285424969575356,2.7439396725421537
N40-N51,Diseases of male genital organs,2022,post_covid,123306.0,42870.0,3642.0,1.530001,139.273242,15040.0,55892.0,34983.0,23695.0,0.3476716461486059,0.1921642093653188,0.10221943872140217
N60-N64,Disorders of breast,2022,post_covid,16339.0,6552.0,831.0,1.053708,90.081393,328.0,13314.0,2619.0,966.0,0.4010037333986168,0.059122345308770426,0.02498160556257923
N70-N77,Inflammatory diseases of female pelvic organs,2022,post_covid,22175.0,14779.0,560.0,2.097562,129.722897,466.0,21553.0,1218.0,631.0,0.6664712514092447,0.028455467869222095,0.03977974162487439
N80-N98,Noninflammatory disorders of female genital tract,2022,post_covid,179544.0,41511.0,6829.0,1.46279,117.688551,1788.0,135914.0,24740.0,12054.0,0.23120237936104798,0.06713674642427483,0.02270568312283267
N99-N99,Other disorders of the genitourinary system,2022,post_covid,3343.0,1502.0,229.0,3.588702,134.989057,225.0,1208.0,1184.0,1197.0,0.4492970385880945,0.3580616212982351,0.5773361165501887
O00-O08,Pregnancy with abortive outcome,2022,post_covid,93914.0,48487.0,8087.0,0.87415,5.505937,90.0,93629.0,0.0,1.0,0.5162915007347147,1.0648039695891987e-05,4.805632976630224e-06
O10-O16,"Oedema, proteinuria and hypertensive disorders in pregnancy, childbirth and the puerperium",2022,post_covid,40359.0,944.0,134.0,2.119944,14.207317,6.0,40136.0,3.0,0.0,0.02339007408508635,0.0,0.0
O20-O29,Other maternal disorders predominantly related to pregnancy,2022,post_covid,235532.0,69773.0,3067.0,0.700354,9.6,95.0,233355.0,10.0,2.0,0.2962357556510368,8.491415179253775e-06,1.7617130276414777e-06
O30-O48,Maternal care related to the fetus and amniotic cavity and possible delivery problems,2022,post_covid,435235.0,5987.0,5740.0,1.271973,16.12358,77.0,423739.0,1.0,1.0,0.01375578710351879,2.2976093374843475e-06,4.0201247118049116e-08
O60-O75,Complications of labour and delivery,2022,post_covid,293104.0,3746.0,807.0,2.559342,22.947103,47.0,295958.0,2.0,1.0,0.012780446530924177,3.411758283749113e-06,1.1159702216738273e-07
O80-O84,Delivery,2022,post_covid,20374.0,170.0,338.0,1.128793,16.0,3.0,20140.0,0.0,1.0,0.008343967802100716,4.908216354176892e-05,4.622858764718108e-07
O85-O92,Complications predominantly related to the puerperium,2022,post_covid,28367.0,3193.0,134.0,1.195389,31.694736,12.0,29482.0,0.0,0.0,0.1125603694433673,0.0,0.0
O94-O99,"Other obstetric conditions, not elsewhere classified",2022,post_covid,52684.0,5030.0,1150.0,1.140678,18.463295,12.0,52733.0,2.0,0.0,0.09547490699263533,0.0,0.0
P00-P04,Complications of fetus/neonate affected by maternal,2022,post_covid,162.0,4.0,0.0,1.170731,,166.0,0.0,0.0,0.0,0.024691358024691357,0.0,0.0
P05-P96,Other conditions originating in the perinatal period,2022,post_covid,55580.0,1298.0,67.0,9.00221,12.333333,65308.0,0.0,0.0,0.0,0.023353724361281036,0.0,0.0
P05-P96,Other conditions originating in the perinatal period,2022,post_covid,7646.0,493.0,26.0,1.492908,191.918918,8115.0,15.0,0.0,0.0,0.06447815851425583,0.0,0.0
P05-P96,Other conditions originating in the perinatal period,2022,post_covid,61143.0,6996.0,240.0,4.997003,43.466257,74150.0,2.0,0.0,0.0,0.11442029341052941,0.0,0.0
P05-P96,Other conditions originating in the perinatal period,2022,post_covid,14397.0,6040.0,173.0,4.150753,14.651685,18035.0,1.0,0.0,0.0,0.41953184691255124,0.0,0.0
P05-P96,Other conditions originating in the perinatal period,2022,post_covid,49691.0,21527.0,1592.0,2.481053,8.720125,55200.0,19.0,0.0,0.0,0.4332172828077519,0.0,0.0
P05-P96,Other conditions originating in the perinatal period,2022,post_covid,6909.0,464.0,33.0,3.262912,10.125,8442.0,0.0,0.0,0.0,0.06715877840497901,0.0,0.0
P05-P96,Other conditions originating in the perinatal period,2022,post_covid,4185.0,3245.0,45.0,5.622563,17.882352,4886.0,0.0,0.0,1.0,0.7753882915173238,0.00023894862604540023,0.0010417370414620116
P05-P96,Other conditions originating in the perinatal period,2022,post_covid,10687.0,1800.0,44.0,1.886737,161.263975,11655.0,9.0,1.0,0.0,0.16842893234771217,0.0,0.0
P05-P96,Other conditions originating in the perinatal period,2022,post_covid,20100.0,8047.0,227.0,2.926047,39.381944,22744.0,12.0,0.0,0.0,0.4003482587064677,0.0,0.0
Q00-Q89,Congenital malformations,2022,post_covid,3921.0,617.0,670.0,6.681323,105.352522,3126.0,1152.0,158.0,33.0,0.1573578168834481,0.008416220351951033,0.008848463973148332
Q00-Q89,Congenital malformations,2022,post_covid,7364.0,351.0,377.0,1.536632,127.431458,3541.0,2167.0,869.0,838.0,0.04766431287343835,0.1137968495382944,0.00833476671040259
Q00-Q89,Congenital malformations,2022,post_covid,19265.0,2012.0,2847.0,8.179332,107.770709,15212.0,7567.0,1455.0,447.0,0.10443810018167661,0.023202699195432133,0.019820532104403397
Q00-Q89,Congenital malformations,2022,post_covid,2859.0,887.0,379.0,6.323925,97.944262,2933.0,319.0,81.0,42.0,0.31024833857992307,0.014690451206715634,0.028822477590510556
Q00-Q89,Congenital malformations,2022,post_covid,2624.0,41.0,887.0,1.886956,207.282127,2372.0,360.0,12.0,4.0,0.015625,0.001524390243902439,4.4944645579268295e-05
Q00-Q89,Congenital malformations,2022,post_covid,11172.0,2135.0,713.0,5.651841,106.901275,9429.0,1545.0,913.0,1001.0,0.19110275689223058,0.08959899749373433,0.09677429994747205
Q00-Q89,Congenital malformations,2022,post_covid,14400.0,1989.0,1326.0,1.059514,209.249922,12212.0,2236.0,101.0,89.0,0.138125,0.0061805555555555555,0.0009044956973090277
Q00-Q89,Congenital malformations,2022,post_covid,4659.0,568.0,846.0,3.809072,118.012513,3734.0,1041.0,321.0,81.0,0.12191457394290621,0.017385705086928525,0.008073597894360624
Q00-Q89,Congenital malformations,2022,post_covid,15998.0,849.0,2705.0,4.017205,160.144803,12753.0,3665.0,303.0,96.0,0.053069133641705214,0.006000750093761721,0.0012792974462475393
Q00-Q89,Congenital malformations,2022,post_covid,7273.0,614.0,1821.0,4.164714,150.420352,4310.0,2741.0,390.0,106.0,0.08442183418121821,0.014574453457995325,0.005124272822816031
Q90-Q99,Chromosomal abnormalities nec.,2022,post_covid,1259.0,108.0,321.0,10.818181,106.004784,1002.0,321.0,33.0,7.0,0.0857823669579031,0.005559968228752979,0.005159701514307471
R00-R09,Symptoms & signs inv. the circulatory/respiratory system,2022,post_covid,389110.0,341983.0,6503.0,0.70193,68.877986,25451.0,223616.0,102131.0,89669.0,0.8788851481586184,0.2304464033306777,0.14216603926190682
R10-R19,Symptoms & signs inv. the digestive system & abdomen,2022,post_covid,489034.0,258438.0,15346.0,1.206332,40.221484,36859.0,316927.0,104949.0,70123.0,0.5284663234049166,0.1433908480800926,0.09141250260131403
R20-R23,Symptoms & signs inv. the skin & subcutaneous tissue,2022,post_covid,35691.0,29157.0,1447.0,0.781308,66.912142,10946.0,16663.0,6351.0,4830.0,0.8169286374716315,0.13532823400857358,0.08637634165049622
R25-R29,Symptoms & signs inv. the nervous & musculoskeletal sys.,2022,post_covid,103504.0,92467.0,2869.0,9.605532,77.957579,7329.0,13945.0,28232.0,135450.0,0.8933664399443499,1.3086450765187818,11.229823553288105
R30-R39,Symptoms & signs involving the urinary system,2022,post_covid,92753.0,44381.0,8331.0,2.338075,60.812026,5272.0,25443.0,28679.0,43685.0,0.4784858710769463,0.47098207066078723,0.5269045285769887
R40-R46,Symptoms & signs inv. Cognition perception etc.,2022,post_covid,64421.0,59375.0,1437.0,3.592753,51.168056,5694.0,27208.0,18984.0,36798.0,0.9216715046335822,0.5712112509895841,1.8914735575794892
R47-R49,Symptoms & signs inv. speech & voice,2022,post_covid,6945.0,5510.0,201.0,2.760757,51.55238,182.0,2458.0,2392.0,4032.0,0.7933765298776098,0.5805615550755939,1.2716154741329202
R50-R68,General symptoms & signs,2022,post_covid,464924.0,304736.0,40690.0,5.747941,67.105469,73231.0,220191.0,117608.0,178700.0,0.6554533644208516,0.38436389603462073,1.448093771460786
R70-R89,Abnormal findings of bodily fluids or samples without diag.,2022,post_covid,29887.0,10493.0,3722.0,1.383541,34.974612,2584.0,11552.0,10967.0,6869.0,0.3510891022852745,0.22983236858834946,0.11164019224713082
R70-R89,Abnormal findings of bodily fluids or samples without diag.,2022,post_covid,1120.0,466.0,156.0,0.779411,38.584905,296.0,515.0,218.0,155.0,0.4160714285714286,0.13839285714285715,0.04487950935108419
R70-R89,Abnormal findings of bodily fluids or samples without diag.,2022,post_covid,2524.0,216.0,209.0,1.612341,52.277662,145.0,1662.0,549.0,158.0,0.08557844690966719,0.06259904912836767,0.008637519377839617
R90-R94,Abnormal findings on diagnostic imaging/function studies,2022,post_covid,47801.0,12411.0,4188.0,2.258313,29.781849,1656.0,19435.0,17578.0,14062.0,0.2596389196878726,0.2941779460680739,0.1724900465612142
R95-R99,Ill-defined & unknown causes of mortality,2022,post_covid,2.0,2.0,0.0,0.0,,3.0,0.0,0.0,0.0,1.0,0.0,0.0
S00-S09,Injuries to the head,2022,post_covid,132265.0,118611.0,1640.0,5.206687,26.330701,20727.0,47580.0,24321.0,81821.0,0.8967678524174951,0.6186141458435717,2.8884266862017207
S10-S19,Injuries to the neck,2022,post_covid,9269.0,8446.0,112.0,15.918083,57.008064,384.0,4652.0,2862.0,6331.0,0.9112094077030963,0.6830294530154277,9.907142076200252
S20-S29,Injuries to the thorax,2022,post_covid,33040.0,31660.0,220.0,8.350397,47.400749,489.0,13623.0,11308.0,25626.0,0.9582324455205811,0.7756053268765133,6.206100133694537
S30-S39,"Injuries to abdomen, lower back, lumbar spine & pelvis",2022,post_covid,39841.0,37161.0,453.0,9.84361,66.5,2205.0,15645.0,9827.0,36767.0,0.9327326121332296,0.9228433021259507,8.473045236228927
S40-S49,Injuries to the shoulder & upper arm,2022,post_covid,43539.0,31932.0,2054.0,5.909757,27.253105,6199.0,17370.0,10392.0,23913.0,0.7334114242403362,0.5492317232825742,2.380525885111564
S50-S59,Injuries to the elbow & forearm,2022,post_covid,59536.0,39139.0,4416.0,2.601377,8.181332,12887.0,26379.0,12555.0,16257.0,0.6574005643644182,0.2730616769685568,0.4669755279281526
S60-S69,Injuries to the wrist & hand,2022,post_covid,77200.0,44782.0,4911.0,0.900468,11.264212,10148.0,54428.0,8943.0,6832.0,0.5800777202072539,0.08849740932642487,0.04622586285739752
S70-S79,Injuries to the hip & thigh,2022,post_covid,88352.0,82126.0,1016.0,16.731097,43.858156,2650.0,12494.0,23136.0,99287.0,0.9295318725099602,1.1237662984425933,17.47691227890803
S80-S89,Injuries to the knee & lower leg,2022,post_covid,76829.0,58127.0,2946.0,6.764035,60.795421,6152.0,48263.0,17437.0,25297.0,0.7565762928061018,0.32926368949224905,1.6850097378542883
S90-S99,Injuries to the ankle & foot,2022,post_covid,14713.0,10956.0,682.0,3.252995,33.041896,1973.0,9261.0,2452.0,3504.0,0.744647590566166,0.23815673214164346,0.5768953612868717
T00-T07,Injuries involving multiple body regions,2022,post_covid,3808.0,3331.0,91.0,7.723563,7.339901,504.0,2120.0,785.0,1708.0,0.8747373949579832,0.4485294117647059,3.030304794729749
T08-T14,Injuries to unspecified part of trunk limb or body,2022,post_covid,1070.0,983.0,17.0,3.057401,52.88,174.0,437.0,166.0,536.0,0.9186915887850468,0.5009345794392523,1.4070293458712553
T15-T19,Effects of foreign body entering through natural orifice,2022,post_covid,17225.0,13425.0,335.0,1.457144,27.073335,6354.0,9851.0,2328.0,2174.0,0.7793904208998549,0.12621190130624094,0.14333684644850345
T20-T32,Burns and corrosions,2022,post_covid,10572.0,7654.0,1276.0,4.697817,6.31906,4816.0,4645.0,1189.0,1248.0,0.7239878925463489,0.11804767309875142,0.40149933423091344
T33-T35,Frostbite,2022,post_covid,60.0,40.0,4.0,10.480769,2.666666,3.0,64.0,12.0,5.0,0.6666666666666666,0.08333333333333333,0.5822649444444444
T36-T50,Poisonings by drugs medicaments & biological substances,2022,post_covid,73884.0,73488.0,82.0,2.250489,61.677966,9684.0,74765.0,8456.0,6287.0,0.9946402468734773,0.08509284824860593,0.19047412345691875
T51-T65,Tox. effcts. of substnces. chiefly non-medicinal as to source,2022,post_covid,5420.0,3575.0,1725.0,2.770194,90.987654,817.0,3747.0,1355.0,716.0,0.6595940959409594,0.13210332103321032,0.24137966469002328
T66-T78,Other and unspecified effects of external causes,2022,post_covid,16348.0,10327.0,3442.0,1.867846,64.811294,5433.0,8596.0,2492.0,1959.0,0.63169806704184,0.11983117200880841,0.14139056229793615
T79-T79,Certain early complications of trauma,2022,post_covid,3991.0,3729.0,54.0,11.430567,57.30303,82.0,1523.0,1293.0,4518.0,0.9343522926584816,1.132047105988474,12.090462878841086
T80-T88,Complications of surgical & medical care nec.,2022,post_covid,211434.0,125441.0,14513.0,5.550628,110.324041,12440.0,105928.0,72554.0,78014.0,0.5932867939877219,0.3689756614357199,1.2150790236086526
U00-U49,Provisional assignment of new diseases of uncertain etiology,2022,post_covid,104144.0,89242.0,3718.0,8.790637,8.110815,11236.0,35323.0,45653.0,106311.0,0.8569096635427869,1.0208077277615608,7.689521866853499
U80-U89,Bacterial agents resistant to antibiotics,2022,post_covid,1.0,0.0,0.0,2.0,184.0,0.0,0.0,1.0,0.0,0.0,0.0,0.0
Z00-Z13,Examination and investigation,2022,post_covid,219087.0,26310.0,75444.0,1.307953,101.033152,48485.0,74888.0,61714.0,43088.0,0.12008927960125429,0.19667072897981167,0.030891294331515946
Z20-Z29,Potential health hazards related to communicable diseases,2022,post_covid,18258.0,499.0,7773.0,1.360058,63.938061,2374.0,5670.0,5877.0,4159.0,0.02733048526673239,0.22779055756380764,0.008467213095597515
Z30-Z39,Health services in circumstances related to reproduction,2022,post_covid,487063.0,5257.0,1181.0,1.024472,134.436934,368559.0,118683.0,115.0,4.0,0.010793264936979406,8.212489965363824e-06,9.080876778993409e-08
Z40-Z54,Persons encountering health services for specific care,2022,post_covid,103067.0,12411.0,23367.0,3.114252,111.230965,9873.0,46530.0,27314.0,21252.0,0.12041681624574306,0.20619596961199996,0.0773252022635187
Z55-Z65,Potential health hazards reltd. to socioeconomic & psychosoc.l,2022,post_covid,740.0,595.0,26.0,7.235138,3.523809,485.0,209.0,117.0,281.0,0.8040540540540541,0.37972972972972974,2.209055693772827
Z70-Z76,Persons encountering health services in other circs.,2022,post_covid,16314.0,5216.0,4889.0,3.615845,67.258445,7246.0,6714.0,1568.0,4039.0,0.31972538923623883,0.2475787667034449,0.2862202292952866
Z80-Z99,Persons with potential health hazards related to family,2022,post_covid,8689.0,225.0,5906.0,15.035799,24.819834,1324.0,2777.0,2673.0,1985.0,0.02589480952928991,0.22844976406951317,0.08894672173817356
